Date,Price,Open,High,Low,Vol.,Change %,LogReturn
2020-10-01,359.54,361.24,369.0,357.71,323.27K,0.77%,
2020-10-02,348.16,355.68,358.62,347.41,277.65K,-3.17%,-0.03216329239074684
2020-10-05,351.31,350.86,353.1,348.02,375.28K,0.90%,0.00900688033795081
2020-10-06,347.92,355.49,355.49,345.23,416.05K,-0.96%,-0.009696456276090889
2020-10-07,342.81,348.16,351.51,342.51,642.42K,-1.47%,-0.014796210462650977
2020-10-08,346.4,343.97,349.06,342.61,475.58K,1.05%,0.010417818861547891
2020-10-09,352.33,349.27,354.9,347.23,298.37K,1.71%,0.01697405973115734
2020-10-12,352.64,354.76,355.86,350.23,254.19K,0.09%,0.0008794701050575907
2020-10-13,359.97,353.29,361.18,352.56,400.29K,2.08%,0.020572988119912258
2020-10-14,359.04,360.9,364.71,357.16,345.09K,-0.26%,-0.002586891750130404
2020-10-15,361.62,355.34,363.1,353.4,241.56K,0.72%,0.007160133828730838
2020-10-16,365.61,363.61,369.25,363.36,240.53K,1.10%,0.010973254780512953
2020-10-19,362.67,367.21,370.59,362.2,296.50K,-0.80%,-0.008073861621510447
2020-10-20,358.57,361.74,363.07,358.04,437.47K,-1.13%,-0.01136943088317543
2020-10-21,350.01,360.45,363.62,349.65,412.32K,-2.39%,-0.024162173494959596
2020-10-22,347.63,350.38,353.15,346.55,451.49K,-0.68%,-0.006823029737831023
2020-10-23,350.55,348.02,352.0,347.23,452.74K,0.84%,0.00836465388693249
2020-10-26,349.56,345.99,350.54,345.38,454.97K,-0.28%,-0.0028281288936331224
2020-10-27,356.9,349.6,360.83,348.51,708.50K,2.10%,0.020780409736770956
2020-10-28,340.68,349.99,350.1,338.91,621.45K,-4.54%,-0.046512010223234396
2020-10-29,345.49,341.93,348.48,336.03,438.77K,1.41%,0.014020078955913716
2020-10-30,349.84,344.15,351.62,344.15,587.25K,1.26%,0.012512207875871316
2020-11-02,356.85,355.07,365.8,351.54,437.83K,2.00%,0.019839618312411277
2020-11-03,369.47,360.54,372.9,359.0,578.26K,3.54%,0.0347540208766527
2020-11-04,398.22,371.1,399.41,371.1,908.00K,7.78%,0.07493507009215959
2020-11-05,417.73,399.95,418.72,399.68,906.17K,4.90%,0.04783067441990639
2020-11-06,421.15,418.1,427.02,407.01,637.32K,0.82%,0.008153773955577516
2020-11-09,390.46,434.13,437.35,390.46,1.25M,-7.29%,-0.07566353350671655
2020-11-10,379.82,388.61,391.57,373.48,748.02K,-2.72%,-0.02762807496855722
2020-11-11,397.02,381.72,402.42,381.71,572.15K,4.53%,0.04428920096592414
2020-11-12,389.48,396.87,397.94,387.65,448.23K,-1.90%,-0.019174141141467524
2020-11-13,388.42,390.56,392.18,386.42,421.07K,-0.27%,-0.0027252877132501875
2020-11-16,397.6,389.53,398.31,383.96,466.37K,2.36%,0.02335924638511362
2020-11-17,403.64,395.0,404.69,393.53,476.29K,1.52%,0.015076916813908863
2020-11-18,399.95,403.99,407.23,399.75,402.98K,-0.91%,-0.009183852301497084
2020-11-19,400.79,399.99,401.33,395.91,295.26K,0.21%,0.002098060064764828
2020-11-20,400.3,401.43,409.62,399.91,253.59K,-0.12%,-0.0012233333610677615
2020-11-23,401.97,401.82,408.72,398.73,227.34K,0.42%,0.004163192970098513
2020-11-24,399.64,402.0,402.88,395.69,443.67K,-0.58%,-0.005813317103808573
2020-11-25,403.95,400.89,404.04,396.3,307.86K,1.08%,0.01072696606089983
2020-11-27,402.25,406.13,408.57,400.84,227.70K,-0.42%,-0.004217322053224949
2020-11-30,409.42,400.48,411.2,400.48,672.60K,1.78%,0.017667738139982594
2020-12-01,414.5,414.35,417.05,408.89,472.28K,1.24%,0.012331450562874404
2020-12-02,416.16,414.08,418.37,412.49,309.23K,0.40%,0.003996827124991811
2020-12-03,419.3,416.2,422.25,415.36,282.42K,0.75%,0.007516852476375595
2020-12-04,421.71,419.3,428.49,419.3,660.58K,0.57%,0.005731219835067209
2020-12-07,422.82,423.43,427.9,420.0,440.50K,0.26%,0.002628682555201947
2020-12-08,426.4,423.55,429.77,421.87,341.51K,0.85%,0.00843131628464857
2020-12-09,414.62,424.93,426.59,411.7,428.85K,-2.76%,-0.02801543474666833
2020-12-10,422.6,414.26,423.07,411.43,342.28K,1.92%,0.019063667076990073
2020-12-11,419.47,420.93,422.28,415.7,227.94K,-0.74%,-0.007434095538716331
2020-12-14,423.9,419.93,430.79,419.93,334.98K,1.06%,0.010505568715351413
2020-12-15,424.0,428.19,431.96,423.9,365.87K,0.02%,0.0002358768733664134
2020-12-16,429.84,426.53,430.15,422.51,351.60K,1.38%,0.013679591188608276
2020-12-17,436.78,432.9,438.57,430.31,418.75K,1.61%,0.01601658941606011
2020-12-18,443.06,437.15,444.02,435.22,771.81K,1.44%,0.014275565217903333
2020-12-21,435.04,438.62,442.38,427.34,328.67K,-1.81%,-0.018267220170368702
2020-12-22,437.58,435.5,438.42,431.45,216.36K,0.58%,0.005821565340036027
2020-12-23,428.63,435.0,438.09,428.63,227.14K,-2.05%,-0.020665470300634696
2020-12-24,432.46,429.06,434.5,429.06,77.56K,0.89%,0.00889576062218686
2020-12-28,436.37,437.71,442.39,430.46,301.10K,0.90%,0.009000670778860465
2020-12-29,434.57,440.77,440.77,433.56,171.21K,-0.41%,-0.0041334708770672775
2020-12-30,436.99,437.17,438.8,434.04,172.56K,0.56%,0.005553275091027138
2020-12-31,446.53,437.45,446.9,436.36,255.62K,2.18%,0.021596275770608027
2021-01-04,437.64,450.76,455.03,433.41,408.56K,-1.99%,-0.020109932700588026
2021-01-05,431.37,436.84,440.09,426.45,319.41K,-1.43%,-0.014430464100829862
2021-01-06,435.17,430.59,439.21,423.88,430.02K,0.88%,0.008770568834399079
2021-01-07,443.64,437.88,447.0,436.26,391.20K,1.95%,0.019276663394382467
2021-01-08,452.68,443.65,454.06,443.64,305.18K,2.04%,0.020172051361199983
2021-01-11,451.79,451.19,455.17,445.88,277.87K,-0.20%,-0.0019680039962639588
2021-01-12,453.19,450.48,455.81,449.13,391.63K,0.31%,0.0030939934956043104
2021-01-13,438.4,453.32,454.0,435.58,414.00K,-3.26%,-0.033179727963275445
2021-01-14,409.52,439.39,441.95,408.81,813.30K,-6.59%,-0.06814599348447796
2021-01-15,415.3,408.92,417.13,404.04,816.31K,1.41%,0.014015408487380145
2021-01-19,411.48,415.95,416.49,406.42,851.16K,-0.92%,-0.009240734373878505
2021-01-20,418.52,412.83,423.37,408.82,491.15K,1.71%,0.016964262250017247
2021-01-21,414.35,419.0,421.99,414.19,412.32K,-1.00%,-0.01001365121779497
2021-01-22,411.88,414.49,416.58,409.83,406.50K,-0.60%,-0.005978982506501501
2021-01-25,403.49,411.9,414.98,400.16,670.99K,-2.04%,-0.0205803405331135
2021-01-26,404.61,406.4,407.76,398.01,985.11K,0.28%,0.0027719359414393563
2021-01-27,393.34,400.16,403.67,390.7,690.65K,-2.79%,-0.028249262396368168
2021-01-28,395.23,383.53,400.87,380.0,1.14M,0.48%,0.00479349612329018
2021-01-29,395.3,392.78,397.9,380.24,901.33K,0.02%,0.0001770963788419627
2021-02-01,416.25,405.68,417.93,400.41,716.18K,5.30%,0.05164107099201379
2021-02-02,425.13,420.03,432.31,418.5,745.20K,2.13%,0.021108963210235265
2021-02-03,416.87,423.38,426.76,415.57,624.12K,-1.94%,-0.019620581909927645
2021-02-04,430.19,418.12,432.8,418.12,457.27K,3.20%,0.03145254896617497
2021-02-05,429.81,430.15,433.32,427.74,440.12K,-0.09%,-0.0008837209877453383
2021-02-08,422.73,431.49,434.74,419.95,336.24K,-1.65%,-0.016609573198267405
2021-02-09,417.97,423.35,429.26,414.58,416.50K,-1.13%,-0.01132401776090872
2021-02-10,419.66,422.1,422.1,409.84,473.00K,0.40%,0.004035200012334523
2021-02-11,426.86,422.02,427.72,416.55,421.75K,1.72%,0.017011230988873183
2021-02-12,434.77,424.04,435.2,424.04,296.76K,1.85%,0.01836106501110289
2021-02-16,440.92,439.19,445.6,436.46,607.15K,1.41%,0.014046297468589807
2021-02-17,439.32,436.48,442.71,435.09,397.84K,-0.36%,-0.0036353761749695684
2021-02-18,437.55,436.47,444.41,436.39,392.25K,-0.40%,-0.0040370919383050435
2021-02-19,432.97,439.43,442.86,431.98,516.00K,-1.05%,-0.010522543444266985
2021-02-22,413.6,427.6,429.73,412.1,466.39K,-4.47%,-0.04576911834335363
2021-02-23,415.15,411.87,416.52,404.67,366.12K,0.37%,0.0037405775138200283
2021-02-24,417.23,411.87,417.55,405.45,480.65K,0.50%,0.0049977277911386515
2021-02-25,406.3,417.8,420.49,400.5,906.38K,-2.62%,-0.02654582550549705
2021-02-26,414.52,410.83,420.58,409.44,662.18K,2.02%,0.020029421322335466
2021-03-01,420.03,418.09,422.38,413.02,342.90K,1.33%,0.013204912981926999
2021-03-02,418.81,420.0,429.56,410.38,726.25K,-0.29%,-0.0029087808406897957
2021-03-03,409.72,416.41,422.59,409.43,811.23K,-2.17%,-0.021943356888919765
2021-03-04,409.0,407.4,414.87,402.15,790.08K,-0.18%,-0.0017588435255321956
2021-03-05,414.72,411.86,416.54,400.01,633.85K,1.40%,0.013888437681053481
2021-03-08,402.63,413.99,414.3,402.2,614.05K,-2.92%,-0.02958556764603105
2021-03-09,414.52,407.01,416.8,405.06,507.52K,2.95%,0.0291031982381925
2021-03-10,409.82,418.73,421.61,409.51,300.74K,-1.13%,-0.011403185407330135
2021-03-11,410.06,411.34,413.68,404.0,472.21K,0.06%,0.0005854515462141998
2021-03-12,416.53,409.54,416.62,404.0,565.21K,1.58%,0.015654997369570947
2021-03-15,419.55,414.37,420.23,408.81,325.85K,0.73%,0.007224220491606775
2021-03-16,416.58,421.04,426.6,413.05,382.99K,-0.71%,-0.007104188322841514
2021-03-17,413.17,414.88,416.41,407.17,351.38K,-0.82%,-0.008219389449383897
2021-03-18,405.62,409.54,411.05,403.6,366.09K,-1.83%,-0.018442369817866903
2021-03-19,410.36,406.84,415.15,406.73,713.07K,1.17%,0.011618062493525835
2021-03-22,419.36,409.3,419.71,409.3,476.03K,2.19%,0.021694916355584282
2021-03-23,420.76,417.37,424.14,413.54,363.95K,0.33%,0.003332860295977136
2021-03-24,424.03,420.96,425.72,417.59,383.58K,0.78%,0.007741607574868519
2021-03-25,412.05,422.98,423.89,408.59,387.30K,-2.83%,-0.028659506236549274
2021-03-26,424.87,412.5,425.36,411.93,404.69K,3.11%,0.03063853857053419
2021-03-29,426.37,423.35,428.58,418.29,320.03K,0.35%,0.003524274123779947
2021-03-30,417.51,422.21,423.24,414.23,293.56K,-2.08%,-0.020999017803834875
2021-03-31,419.28,418.87,425.35,416.64,395.33K,0.42%,0.004230458394039159
2021-04-01,428.55,423.62,439.46,421.74,410.93K,2.21%,0.021868462850981027
2021-04-05,440.61,431.39,443.1,428.97,516.44K,2.81%,0.027752713088989075
2021-04-06,440.1,441.07,442.49,435.37,232.36K,-0.12%,-0.001158156616835042
2021-04-07,437.45,437.5,441.31,433.25,190.06K,-0.60%,-0.006039560264772287
2021-04-08,445.29,442.84,450.99,439.99,308.58K,1.79%,0.01776334175250988
2021-04-09,448.5,444.39,448.59,440.34,234.78K,0.72%,0.007182926194067585
2021-04-12,453.14,445.8,454.8,442.48,317.85K,1.03%,0.01029244701045722
2021-04-13,460.0,453.17,461.99,450.72,319.44K,1.51%,0.015025360973832757
2021-04-14,457.41,461.05,467.68,457.07,407.28K,-0.56%,-0.0056463454312152255
2021-04-15,469.65,460.0,470.67,460.0,328.31K,2.68%,0.026407592388598935
2021-04-16,473.52,472.94,474.46,465.67,312.85K,0.82%,0.008206413941945203
2021-04-19,468.27,469.31,473.82,464.58,266.01K,-1.11%,-0.011149097744038118
2021-04-20,468.03,466.4,470.84,462.81,222.23K,-0.05%,-0.0005126562111638588
2021-04-21,470.62,471.21,475.11,467.83,233.78K,0.55%,0.005518577900466774
2021-04-22,471.75,469.22,474.7,466.31,324.99K,0.24%,0.002398209920925245
2021-04-23,486.5,472.67,488.36,472.05,434.95K,3.13%,0.03078771737740011
2021-04-26,487.0,485.79,490.19,483.43,474.82K,0.10%,0.0010272214565300948
2021-04-27,487.61,487.45,489.97,476.96,409.58K,0.13%,0.0012517829278455813
2021-04-28,484.03,489.0,489.0,479.81,288.44K,-0.73%,-0.0073690177436254506
2021-04-29,494.83,487.12,495.16,483.62,287.32K,2.23%,0.022067380971365947
2021-04-30,485.77,488.07,493.73,482.24,379.44K,-1.83%,-0.01847900838510031
2021-05-03,486.2,486.98,489.64,481.32,235.84K,0.09%,0.0008848010289473283
2021-05-04,482.5,482.29,487.03,475.65,338.22K,-0.76%,-0.0076391411029823825
2021-05-05,478.18,485.63,485.63,472.09,270.09K,-0.90%,-0.008993690134253059
2021-05-06,475.91,479.14,479.14,469.5,253.90K,-0.47%,-0.00475846992066999
2021-05-07,482.31,478.0,484.35,475.0,204.81K,1.34%,0.013358300118860815
2021-05-10,476.89,482.11,486.14,476.53,244.76K,-1.12%,-0.01130120451519986
2021-05-11,472.67,471.23,475.18,462.58,346.37K,-0.88%,-0.00888838574250414
2021-05-12,460.18,466.4,470.63,459.02,420.20K,-2.64%,-0.02677975329388766
2021-05-13,461.09,461.57,468.41,460.65,296.67K,0.20%,0.001975534416528049
2021-05-14,463.46,464.79,466.58,460.54,353.53K,0.51%,0.0051268296818198795
2021-05-17,455.78,463.46,463.46,454.66,422.88K,-1.66%,-0.016709844435109557
2021-05-18,454.09,455.27,457.79,450.57,319.93K,-0.37%,-0.003714820674347854
2021-05-19,447.59,446.72,448.89,443.0,382.09K,-1.43%,-0.014417781468308176
2021-05-20,457.23,450.17,460.92,448.76,347.28K,2.15%,0.021308911753898974
2021-05-21,456.88,457.83,461.19,456.15,227.80K,-0.08%,-0.0007657722092605475
2021-05-24,462.85,459.72,468.17,459.38,233.77K,1.31%,0.012982253156612916
2021-05-25,464.61,464.73,470.22,463.29,288.66K,0.38%,0.0037953164829724077
2021-05-26,465.1,470.54,471.27,464.12,290.10K,0.11%,0.001054092233858631
2021-05-27,464.37,463.7,468.19,461.03,504.47K,-0.16%,-0.0015707879761555966
2021-05-28,468.13,467.86,472.62,463.47,223.30K,0.81%,0.00806438686842469
2021-06-01,461.97,471.13,472.63,461.13,319.99K,-1.32%,-0.01324608121388939
2021-06-02,468.87,462.01,471.45,462.01,303.28K,1.49%,0.014825590613780668
2021-06-03,461.98,467.0,467.03,458.49,318.10K,-1.47%,-0.014803944420804077
2021-06-04,466.36,465.07,467.23,460.04,213.13K,0.95%,0.0094362679636828
2021-06-07,464.37,467.11,468.41,463.25,349.63K,-0.43%,-0.004276219811194864
2021-06-08,463.37,464.61,466.6,460.86,248.69K,-0.22%,-0.002155777237763335
2021-06-09,465.83,465.09,468.2,460.74,253.65K,0.53%,0.0052948896843476
2021-06-10,476.46,466.65,479.35,464.88,413.26K,2.28%,0.02256301343469428
2021-06-11,479.51,477.9,482.94,476.61,237.71K,0.64%,0.006380975028205964
2021-06-14,490.76,480.33,490.95,478.73,291.68K,2.35%,0.023190460759601426
2021-06-15,495.0,491.98,500.54,488.69,442.85K,0.86%,0.008602552645708299
2021-06-16,495.9,499.03,505.12,494.49,534.48K,0.18%,0.0018165309263977853
2021-06-17,505.54,494.84,506.27,494.84,375.84K,1.94%,0.019252871409536985
2021-06-18,502.9,503.64,506.4,498.04,628.84K,-0.52%,-0.005235821726706041
2021-06-21,515.59,505.0,516.71,496.74,366.73K,2.52%,0.024920532819278467
2021-06-22,522.19,514.54,524.13,513.31,533.83K,1.28%,0.012719630333418948
2021-06-23,523.86,522.15,525.51,521.25,380.32K,0.32%,0.0031929667201548244
2021-06-24,533.08,527.81,533.35,524.54,595.85K,1.76%,0.017447033660754983
2021-06-25,531.75,532.38,535.32,521.8,1.03M,-0.25%,-0.002498052631179681
2021-06-28,534.47,535.82,535.82,527.99,383.06K,0.51%,0.005102147587859326
2021-06-29,542.17,533.52,543.29,531.94,339.79K,1.44%,0.014304003729109612
2021-06-30,533.08,540.14,541.83,533.08,426.71K,-1.68%,-0.016908098685789255
2021-07-01,534.03,534.03,534.59,531.88,329.70K,0.18%,0.0017805104459250127
2021-07-02,541.91,536.73,542.09,534.68,254.61K,1.48%,0.014647918833574901
2021-07-06,550.02,542.71,551.45,542.01,351.51K,1.50%,0.014854705210713033
2021-07-07,555.77,552.68,557.16,550.02,243.70K,1.05%,0.01039989839944404
2021-07-08,553.54,548.54,554.27,546.45,324.08K,-0.40%,-0.004020522674313183
2021-07-09,560.23,555.98,560.39,552.85,308.64K,1.21%,0.012013396768013794
2021-07-12,559.95,561.0,563.46,556.52,221.35K,-0.05%,-0.0004999196661811742
2021-07-13,557.57,559.64,567.01,554.98,233.77K,-0.43%,-0.004259438038376653
2021-07-14,555.19,558.09,559.79,551.9,194.15K,-0.43%,-0.0042776584873180515
2021-07-15,559.85,554.12,563.89,554.07,239.58K,0.84%,0.008358493203198139
2021-07-16,564.83,560.4,571.95,559.53,298.67K,0.89%,0.008855910209522463
2021-07-19,556.84,560.2,564.7,551.24,322.00K,-1.41%,-0.014246855395361992
2021-07-20,563.57,559.61,567.25,556.81,232.80K,1.21%,0.012013603846836248
2021-07-21,564.86,564.05,570.18,562.4,207.08K,0.23%,0.0022863634641965866
2021-07-22,572.15,566.96,573.87,565.71,173.85K,1.29%,0.01282328193232437
2021-07-23,578.95,573.43,580.09,572.17,165.15K,1.19%,0.011814923294558397
2021-07-26,575.9,572.5,580.38,567.07,323.20K,-0.53%,-0.005282083545655418
2021-07-27,584.21,584.57,596.06,579.47,327.06K,1.44%,0.014326472720051693
2021-07-28,591.84,591.41,593.57,586.35,261.03K,1.31%,0.012975820851465427
2021-07-29,594.76,592.0,597.53,589.26,244.28K,0.49%,0.004921634744878575
2021-07-30,595.96,592.37,601.69,591.84,279.06K,0.20%,0.0020155878901160795
2021-08-02,610.92,600.12,614.68,600.12,311.28K,2.51%,0.024792466983106318
2021-08-03,619.07,610.1,620.89,602.22,321.49K,1.33%,0.01325233421062524
2021-08-04,624.22,622.1,627.37,622.1,300.90K,0.83%,0.008284518423002752
2021-08-05,627.38,632.71,635.38,619.41,271.20K,0.51%,0.0050495473225496065
2021-08-06,628.9,629.06,633.43,615.95,248.92K,0.24%,0.002419843891035296
2021-08-09,627.68,629.19,633.34,622.41,324.83K,-0.19%,-0.0019417790882152544
2021-08-10,625.08,629.0,634.76,624.53,329.78K,-0.41%,-0.004150840916141829
2021-08-11,624.94,628.2,631.86,621.62,260.16K,-0.02%,-0.00022399641699388516
2021-08-12,625.16,621.3,626.41,618.25,241.29K,0.04%,0.0003519718458862103
2021-08-13,630.02,625.17,630.98,619.81,257.81K,0.78%,0.007743947939436999
2021-08-16,630.21,628.29,631.96,620.26,386.41K,0.03%,0.00030153226226910533
2021-08-17,629.48,626.99,629.81,620.45,224.81K,-0.12%,-0.0011590154430350795
2021-08-18,610.21,629.5,630.38,609.39,307.46K,-3.06%,-0.031090921514891918
2021-08-19,610.0,602.65,613.91,594.28,472.52K,-0.03%,-0.0003442030504148156
2021-08-20,618.86,612.29,619.07,608.0,243.39K,1.45%,0.014420118692724346
2021-08-23,621.19,618.91,627.38,618.91,162.03K,0.38%,0.003757917409797981
2021-08-24,618.37,623.11,625.49,618.18,236.98K,-0.45%,-0.0045500094632064695
2021-08-25,627.91,620.12,630.16,619.65,215.88K,1.54%,0.015309860289454443
2021-08-26,623.91,630.05,630.05,622.27,153.37K,-0.64%,-0.006390716898188073
2021-08-27,629.59,625.95,632.54,624.78,163.54K,0.91%,0.009062686678735296
2021-08-30,638.43,631.0,643.52,631.0,284.77K,1.40%,0.01394322363601523
2021-08-31,634.58,638.52,641.21,633.28,261.90K,-0.60%,-0.006048674775768858
2021-09-01,649.21,637.21,651.34,633.46,231.13K,2.31%,0.022792876358510527
2021-09-02,649.42,651.2,659.09,645.69,304.37K,0.03%,0.00032341775845376496
2021-09-03,650.75,646.39,654.23,646.39,238.56K,0.20%,0.0020458870207894966
2021-09-07,655.82,650.54,659.06,642.04,283.10K,0.78%,0.007760817173621293
2021-09-08,659.18,655.0,667.07,651.07,234.19K,0.51%,0.00511027728087933
2021-09-09,652.86,661.06,663.55,651.91,206.00K,-0.96%,-0.00963392713819968
2021-09-10,650.87,655.78,658.62,650.56,212.17K,-0.30%,-0.003052781704002403
2021-09-13,643.25,656.18,656.26,635.26,320.75K,-1.17%,-0.01177647832511967
2021-09-14,653.27,647.18,656.34,643.6,273.66K,1.56%,0.015457068920222616
2021-09-15,647.36,653.05,656.22,646.74,304.56K,-0.90%,-0.00908796610269555
2021-09-16,652.15,649.33,653.15,644.43,492.06K,0.74%,0.00737204283691139
2021-09-17,641.66,645.4,651.4,638.59,562.32K,-1.61%,-0.01621602842687918
2021-09-20,634.59,631.05,638.16,624.93,399.46K,-1.10%,-0.011079447322244168
2021-09-21,640.7,640.6,645.51,637.05,246.25K,0.96%,0.009582207577807277
2021-09-22,645.15,646.53,647.96,636.92,219.51K,0.69%,0.006921519252879103
2021-09-23,653.58,650.39,654.54,647.68,265.99K,1.31%,0.012982095424554125
2021-09-24,661.37,650.75,661.74,646.8,214.96K,1.19%,0.011848497865749569
2021-09-27,638.68,655.84,656.57,629.42,284.53K,-3.43%,-0.03490989471665834
2021-09-28,597.8,627.12,629.18,596.41,709.42K,-6.40%,-0.06614729662166313
2021-09-29,610.7,604.71,613.47,600.19,357.17K,2.16%,0.021349590379251715
2021-09-30,608.34,615.6,623.07,605.04,316.43K,-0.39%,-0.0038719040365456365
2021-10-01,610.7,611.35,614.87,595.0,298.60K,0.39%,0.0038719040365455867
2021-10-04,587.3,607.62,609.76,580.19,470.18K,-3.83%,-0.03907007770061547
2021-10-05,602.12,591.44,604.82,591.19,301.49K,2.52%,0.024920998463829516
2021-10-06,599.94,596.05,601.9,588.03,247.91K,-0.36%,-0.0036271107764900843
2021-10-07,608.5,605.28,614.26,604.12,271.21K,1.43%,0.014167262211768795
2021-10-08,600.12,609.41,610.99,598.27,184.39K,-1.38%,-0.01386727720876922
2021-10-11,597.21,596.07,612.91,593.72,218.77K,-0.48%,-0.004860824884860783
2021-10-12,595.25,602.62,602.62,592.24,164.50K,-0.33%,-0.0032873249669796312
2021-10-13,598.3,601.39,603.46,593.32,218.81K,0.51%,0.005110815029013951
2021-10-14,612.65,606.49,614.01,605.25,214.83K,2.40%,0.023701509999469458
2021-10-15,616.08,620.17,620.17,614.05,215.22K,0.56%,0.0055830148355392505
2021-10-18,619.82,616.12,621.3,613.0,180.96K,0.61%,0.006052288075738374
2021-10-19,630.96,624.5,634.61,622.34,236.43K,1.80%,0.017813355783002405
2021-10-20,623.36,633.28,636.49,618.83,288.79K,-1.20%,-0.012118268075619932
2021-10-21,636.43,623.32,637.44,621.7,255.38K,2.10%,0.02075023450187268
2021-10-22,649.09,638.74,649.19,638.74,269.99K,1.99%,0.019696946458066418
2021-10-25,652.03,649.62,662.67,640.77,383.19K,0.45%,0.004519191164004758
2021-10-26,643.12,652.17,660.22,641.87,308.05K,-1.37%,-0.013759241118354115
2021-10-27,637.0,646.51,659.21,636.47,357.67K,-0.95%,-0.009561676447542024
2021-10-28,655.33,637.19,656.01,637.19,291.55K,2.88%,0.028369269983912877
2021-10-29,664.88,649.93,666.15,649.83,253.61K,1.46%,0.014467647688694631
2021-11-01,657.11,668.94,669.72,643.0,229.06K,-1.17%,-0.011755141072939498
2021-11-02,654.33,657.0,661.72,653.09,340.70K,-0.42%,-0.004239620819960546
2021-11-03,645.66,654.0,658.07,638.78,265.34K,-1.33%,-0.013338761911515036
2021-11-04,661.67,646.5,667.24,645.95,216.84K,2.48%,0.024493892783510968
2021-11-05,653.34,665.74,666.0,652.94,271.20K,-1.26%,-0.012669274637842098
2021-11-08,653.81,655.43,655.7,645.28,245.42K,0.07%,0.0007191217844231775
2021-11-09,652.82,654.0,660.0,648.88,278.71K,-0.15%,-0.0015153489349597
2021-11-10,642.0,648.8,651.58,635.99,266.74K,-1.66%,-0.01671313674552705
2021-11-11,641.29,646.69,647.76,639.22,141.25K,-0.11%,-0.0011065309827775881
2021-11-12,652.57,644.0,652.75,635.5,321.32K,1.76%,0.01743664042909675
2021-11-15,660.95,654.45,664.67,650.76,160.62K,1.28%,0.01275978088912843
2021-11-16,675.15,660.43,679.85,660.43,280.42K,2.15%,0.021256694381642544
2021-11-17,666.42,675.66,677.99,662.14,251.74K,-1.29%,-0.013014785999967757
2021-11-18,665.43,669.1,670.21,661.47,170.72K,-0.15%,-0.0014866541762760296
2021-11-19,656.88,665.0,667.76,655.16,277.00K,-1.28%,-0.012932094830274278
2021-11-22,636.9,657.0,657.96,636.8,378.01K,-3.04%,-0.030888696023213303
2021-11-23,632.34,635.65,638.93,622.04,343.18K,-0.72%,-0.007185433203419644
2021-11-24,642.64,627.83,647.5,625.26,412.60K,1.63%,0.016157467691656643
2021-11-26,621.04,631.34,639.99,618.91,228.25K,-3.36%,-0.03418919976813225
2021-11-29,645.49,634.97,649.45,631.23,376.64K,3.94%,0.0386142262025022
2021-11-30,629.45,639.16,649.89,628.31,526.43K,-2.48%,-0.02516329608765869
2021-12-01,616.35,638.64,642.2,615.77,316.91K,-2.08%,-0.021031438214739833
2021-12-02,629.58,616.55,636.96,616.55,446.54K,2.15%,0.021237946400346184
2021-12-03,603.45,632.64,633.51,592.63,423.01K,-4.15%,-0.04238974333396771
2021-12-06,608.15,605.09,611.9,593.01,373.12K,0.78%,0.007758375000538301
2021-12-07,637.07,622.17,637.25,620.76,301.91K,4.76%,0.04645797758013224
2021-12-08,646.09,635.88,646.99,631.83,256.97K,1.42%,0.014059273319498558
2021-12-09,619.94,643.83,643.83,619.26,306.10K,-4.05%,-0.041316113801411626
2021-12-10,628.14,626.47,630.35,620.54,192.61K,1.32%,0.013140372396653966
2021-12-13,621.76,626.72,634.0,619.82,490.50K,-1.02%,-0.010208905370243328
2021-12-14,591.07,613.56,615.85,586.75,520.12K,-4.94%,-0.050619712480419826
2021-12-15,602.42,594.08,602.89,589.23,442.59K,1.92%,0.01902042275711137
2021-12-16,595.12,607.8,614.97,592.01,405.72K,-1.21%,-0.012191810582680873
2021-12-17,590.22,592.48,596.84,581.45,585.82K,-0.82%,-0.008267717130364317
2021-12-20,579.3,579.59,582.3,573.18,452.80K,-1.85%,-0.018674870650143265
2021-12-21,594.66,585.66,595.66,578.78,269.75K,2.65%,0.026169335544093633
2021-12-22,604.18,595.36,605.47,591.82,265.20K,1.60%,0.01588235313604932
2021-12-23,611.27,609.19,616.6,607.94,183.74K,1.17%,0.011666593307479049
2021-12-27,618.77,615.24,619.96,610.95,168.03K,1.23%,0.01219487650263838
2021-12-28,614.98,620.6,623.16,614.64,129.97K,-0.61%,-0.006143889640321477
2021-12-29,614.79,616.22,619.06,611.08,155.88K,-0.03%,-0.0003090008725401218
2021-12-30,612.54,616.75,618.58,612.25,166.66K,-0.37%,-0.0036664996709983087
2021-12-31,612.69,611.43,616.27,610.51,149.88K,0.02%,0.00024485198819730337
2022-01-03,595.58,614.33,617.13,589.0,297.40K,-2.79%,-0.028323377734742278
2022-01-04,591.13,605.17,606.32,584.03,381.71K,-0.75%,-0.007499761286291774
2022-01-05,566.12,590.18,591.83,565.21,516.41K,-4.23%,-0.043229889510504056
2022-01-06,562.98,562.6,566.0,550.22,680.77K,-0.55%,-0.005561966335624847
2022-01-07,552.0,562.98,566.16,551.68,551.65K,-1.95%,-0.019696057252918044
2022-01-10,541.86,542.48,545.08,528.37,1.08M,-1.84%,-0.01854038078633291
2022-01-11,553.32,544.25,555.47,539.34,675.65K,2.11%,0.02092883051585208
2022-01-12,559.08,560.68,568.0,555.0,532.72K,1.04%,0.010356079610091183
2022-01-13,533.41,559.04,564.04,530.56,567.82K,-4.59%,-0.04700221638798414
2022-01-14,526.74,530.25,530.28,517.29,564.28K,-1.25%,-0.012583291062549289
2022-01-18,516.69,513.68,522.88,508.52,648.70K,-1.91%,-0.019263986650407502
2022-01-19,513.4,522.42,532.05,512.83,519.41K,-0.64%,-0.006387813078724911
2022-01-20,515.85,520.03,532.69,514.75,572.97K,0.48%,0.004760757109344879
2022-01-21,500.82,513.73,515.97,499.58,648.26K,-2.91%,-0.029569270455684665
2022-01-24,507.07,490.2,508.34,475.0,910.54K,1.25%,0.012402306031247364
2022-01-25,492.92,495.27,503.17,489.64,703.50K,-2.79%,-0.028302172052025246
2022-01-26,492.13,503.5,512.38,485.63,854.00K,-0.16%,-0.0016039798373134588
2022-01-27,491.79,491.28,516.9,488.67,1.08M,-0.07%,-0.0006911131261343316
2022-01-28,508.13,483.49,509.54,477.45,550.75K,3.32%,0.032685524245587974
2022-01-31,536.12,511.11,537.2,511.09,813.98K,5.51%,0.0536206962582333
2022-02-01,545.4,538.5,546.23,527.1,887.82K,1.73%,0.017161453801192238
2022-02-02,549.83,561.23,561.23,539.42,627.98K,0.81%,0.008089669127497066
2022-02-03,540.31,540.0,546.2,534.16,660.46K,-1.73%,-0.01746609062407539
2022-02-04,554.71,537.47,563.23,532.54,680.94K,2.67%,0.02630240574653563
2022-02-07,550.45,551.75,561.0,545.73,614.37K,-0.77%,-0.007709329145033199
2022-02-08,546.14,528.94,547.01,524.95,669.93K,-0.78%,-0.007860772382588484
2022-02-09,561.47,537.95,564.27,536.0,490.67K,2.81%,0.027682991300322906
2022-02-10,545.11,549.58,558.5,540.88,550.09K,-2.91%,-0.029570735274432634
2022-02-11,534.26,545.96,550.23,530.0,470.68K,-1.99%,-0.020104997306901472
2022-02-14,532.97,533.11,536.41,521.92,466.30K,-0.24%,-0.002417474449274363
2022-02-15,546.38,545.14,550.94,539.26,382.01K,2.52%,0.024849566962044396
2022-02-16,543.6,543.5,547.14,534.33,264.60K,-0.51%,-0.005101022088593877
2022-02-17,531.48,536.18,538.84,528.43,435.35K,-2.23%,-0.02254811455388156
2022-02-18,527.0,533.27,538.39,523.54,312.87K,-0.84%,-0.008465019181744826
2022-02-22,521.31,521.47,533.13,516.0,595.71K,-1.08%,-0.010855674139089671
2022-02-23,509.4,526.09,530.88,507.72,670.73K,-2.28%,-0.02311131185691599
2022-02-24,508.47,491.95,509.98,490.19,1.49M,-0.18%,-0.0018273458472837785
2022-02-25,513.21,510.96,517.46,500.83,911.61K,0.93%,0.00927890143423749
2022-02-28,501.69,504.87,509.2,496.64,871.02K,-2.24%,-0.022702719071169088
2022-03-01,500.38,502.27,514.0,497.18,831.37K,-0.26%,-0.002614589292707467
2022-03-02,511.09,506.62,514.79,503.98,654.71K,2.14%,0.02117789017165915
2022-03-03,507.11,516.25,519.02,504.99,357.46K,-0.78%,-0.007817757357219521
2022-03-04,497.78,505.2,505.2,491.19,582.71K,-1.84%,-0.01856973023431244
2022-03-07,467.4,497.2,497.56,466.91,713.29K,-6.10%,-0.0629727902438033
2022-03-08,466.0,468.01,473.64,450.85,796.35K,-0.30%,-0.0029997879791116636
2022-03-09,488.13,479.81,495.25,475.15,595.47K,4.75%,0.046396129693691494
2022-03-10,465.26,477.19,481.16,458.45,769.45K,-4.69%,-0.04798537470743942
2022-03-11,456.63,469.12,473.35,454.48,662.60K,-1.85%,-0.018722954152212753
2022-03-14,457.33,460.0,461.92,452.56,566.88K,0.15%,0.0015317960017358521
2022-03-15,470.94,464.81,474.28,460.0,471.91K,2.98%,0.029325466405356288
2022-03-16,492.96,479.68,493.6,476.63,548.17K,4.68%,0.0456973374815805
2022-03-17,498.44,487.01,498.45,485.81,412.86K,1.11%,0.011055186226309063
2022-03-18,520.34,500.48,522.74,498.82,858.12K,4.39%,0.04299922299038665
2022-03-21,507.0,513.89,519.99,502.03,414.59K,-2.56%,-0.02597144047387027
2022-03-22,509.76,512.29,514.92,503.82,480.36K,0.54%,0.005429023130500586
2022-03-23,491.25,504.0,505.38,490.76,573.79K,-3.63%,-0.036986863538212664
2022-03-24,495.73,493.7,499.0,490.7,477.22K,0.91%,0.009078260487861485
2022-03-25,490.31,498.77,498.98,486.56,360.34K,-1.09%,-0.010993579546017212
2022-03-28,507.81,493.4,507.82,492.23,951.90K,3.57%,0.035069517743800224
2022-03-29,516.77,517.27,526.29,510.8,719.16K,1.76%,0.01749053937873326
2022-03-30,510.28,510.94,514.06,506.33,556.95K,-1.26%,-0.012638306577759592
2022-03-31,502.88,513.35,517.7,502.88,914.57K,-1.45%,-0.014608021620831822
2022-04-01,516.0,505.0,516.27,500.67,726.00K,2.61%,0.025755192432305184
2022-04-04,519.51,518.2,527.74,515.69,609.45K,0.68%,0.006779294150606467
2022-04-05,513.23,516.78,517.21,510.5,549.71K,-1.21%,-0.012161971857205599
2022-04-06,506.65,506.99,509.69,500.54,617.63K,-1.28%,-0.01290365788063701
2022-04-07,510.0,504.37,512.91,503.33,772.45K,0.66%,0.006590295824044865
2022-04-08,506.49,510.85,511.86,505.31,588.14K,-0.69%,-0.006906145561159489
2022-04-11,486.09,502.0,502.0,485.87,579.23K,-4.03%,-0.04111078821619283
2022-04-12,480.31,488.67,496.93,478.47,508.31K,-1.19%,-0.01196206316634729
2022-04-13,493.27,477.0,494.67,477.0,476.79K,2.70%,0.026624962695791544
2022-04-14,482.7,494.47,496.66,482.31,440.04K,-2.14%,-0.02166134880401614
2022-04-18,478.01,481.41,484.21,475.0,299.33K,-0.97%,-0.009763689891729812
2022-04-19,490.52,478.19,491.7,475.06,440.77K,2.62%,0.02583440011910781
2022-04-20,493.54,495.05,498.39,487.31,383.61K,0.62%,0.006137856393112624
2022-04-21,474.78,499.4,499.99,473.54,415.38K,-3.80%,-0.03875237043778086
2022-04-22,456.04,466.27,472.4,455.67,482.03K,-3.95%,-0.0402710138836379
2022-04-25,462.3,451.84,463.93,450.4,724.80K,1.37%,0.013633506028660751
2022-04-26,429.81,450.74,462.0,429.39,737.23K,-7.03%,-0.07287078042078918
2022-04-27,417.78,429.61,435.62,415.33,783.46K,-2.80%,-0.028388272390880334
2022-04-28,433.38,426.56,438.88,422.49,610.49K,3.73%,0.03665996310830011
2022-04-29,421.25,428.76,432.49,420.55,631.95K,-2.80%,-0.028388459624238953
2022-05-02,423.75,418.84,426.16,410.92,744.84K,0.59%,0.0059171770280885185
2022-05-03,431.91,425.0,433.98,424.06,674.46K,1.93%,0.019073574511713667
2022-05-04,432.74,431.85,434.37,413.03,622.86K,0.19%,0.0019198525529100692
2022-05-05,416.05,427.93,428.54,405.23,774.43K,-3.86%,-0.03933164041284469
2022-05-06,405.61,410.66,412.45,395.01,855.89K,-2.51%,-0.025413338541043728
2022-05-09,379.08,395.49,400.14,376.41,1.28M,-6.54%,-0.0676448422034011
2022-05-10,388.89,388.98,395.33,380.34,824.36K,2.59%,0.025549262678067126
2022-05-11,387.4,387.09,400.59,384.72,779.79K,-0.38%,-0.003838776307165713
2022-05-12,387.98,379.83,394.32,379.53,651.41K,0.15%,0.0014960409300645385
2022-05-13,408.14,395.62,410.89,394.7,675.77K,5.20%,0.050656460897979726
2022-05-16,400.0,401.91,403.77,395.95,696.59K,-1.99%,-0.020145705692957643
2022-05-17,407.75,413.95,413.95,397.41,670.30K,1.94%,0.019189694393141186
2022-05-18,399.5,400.27,405.85,398.16,894.74K,-2.02%,-0.02044047629479392
2022-05-19,410.02,395.59,413.42,395.0,823.46K,2.63%,0.025992173790099743
2022-05-20,417.04,414.68,417.61,407.48,670.36K,1.71%,0.016976201463421516
2022-05-23,417.68,419.65,420.16,410.71,382.89K,0.15%,0.0015334486424464849
2022-05-24,414.61,412.61,416.69,403.12,393.86K,-0.74%,-0.007377269758109786
2022-05-25,416.8,412.56,419.55,410.02,472.32K,0.53%,0.005268171094970106
2022-05-26,432.78,420.22,434.57,419.26,411.12K,3.83%,0.03762302530447895
2022-05-27,448.17,438.9,448.34,438.9,540.48K,3.56%,0.03494310897869952
2022-05-31,442.35,442.93,448.72,438.52,828.81K,-1.30%,-0.013071200792940614
2022-06-01,431.45,425.1,449.78,425.1,571.16K,-2.46%,-0.024949794975078498
2022-06-02,451.62,433.9,451.92,431.01,417.30K,4.67%,0.04568948932017911
2022-06-03,438.45,443.87,444.75,435.68,298.44K,-2.92%,-0.02959533804913098
2022-06-06,438.66,443.28,446.16,435.61,355.37K,0.05%,0.00047884530791497513
2022-06-07,446.29,433.66,446.8,433.66,233.89K,1.74%,0.017244339397857862
2022-06-08,435.53,441.74,447.5,434.84,273.18K,-2.41%,-0.024405284673591758
2022-06-09,427.08,433.65,437.18,426.64,239.53K,-1.94%,-0.019592330947444097
2022-06-10,410.05,418.83,418.83,407.82,477.93K,-3.99%,-0.04069224582768128
2022-06-13,393.0,396.74,398.35,388.63,955.78K,-4.16%,-0.04246949161315902
2022-06-14,391.0,393.06,397.95,389.12,525.10K,-0.51%,-0.00510205188389551
2022-06-15,397.39,397.01,404.46,387.85,436.31K,1.63%,0.016210606252582273
2022-06-16,385.76,384.96,388.09,379.63,679.44K,-2.93%,-0.029702751805087284
2022-06-17,386.71,384.24,396.32,383.39,742.59K,0.25%,0.0024596436856996577
2022-06-21,400.25,394.84,402.13,393.96,590.14K,3.50%,0.03441429375826357
2022-06-22,400.87,395.33,407.62,395.33,564.86K,0.15%,0.0015478333427760781
2022-06-23,416.71,405.75,417.62,404.13,341.72K,3.95%,0.03875335100101196
2022-06-24,432.06,420.33,432.92,417.83,630.82K,3.68%,0.03617393126821841
2022-06-27,429.78,435.49,436.76,428.66,371.44K,-0.53%,-0.005291017634415659
2022-06-28,413.12,429.03,436.81,412.44,321.61K,-3.88%,-0.03953534219613706
2022-06-29,415.26,413.26,417.17,404.43,373.43K,0.52%,0.005166722423549169
2022-06-30,412.15,410.5,417.63,399.41,427.92K,-0.75%,-0.0075174693225904966
2022-07-01,417.72,411.0,417.74,407.71,348.46K,1.35%,0.013423990852111475
2022-07-05,422.01,413.06,422.86,407.02,349.67K,1.03%,0.010217658826366303
2022-07-06,426.24,424.97,429.93,421.3,418.27K,1.00%,0.009973557474255438
2022-07-07,435.49,425.04,435.78,425.04,402.36K,2.17%,0.02146926600444012
2022-07-08,433.95,432.76,439.7,429.54,310.36K,-0.35%,-0.003542513826156034
2022-07-11,431.85,430.08,434.99,426.03,277.45K,-0.48%,-0.004851014363959173
2022-07-12,420.32,431.52,438.16,418.24,326.21K,-2.67%,-0.027061979789064897
2022-07-13,413.72,412.12,420.32,408.65,491.41K,-1.57%,-0.015826909427626802
2022-07-14,410.11,407.5,412.74,403.8,644.60K,-0.87%,-0.008764000112368435
2022-07-15,418.87,417.03,422.56,415.18,584.89K,2.14%,0.02113519285369375
2022-07-18,412.01,424.23,427.92,409.7,359.68K,-1.64%,-0.016512988351298108
2022-07-19,426.1,418.45,427.66,418.08,982.71K,3.42%,0.03362643960623634
2022-07-20,434.32,428.56,436.01,425.66,710.08K,1.93%,0.019107529091329324
2022-07-21,447.47,435.2,448.65,433.71,438.64K,3.03%,0.029827906764347996
2022-07-22,439.9,450.0,451.07,436.84,399.59K,-1.69%,-0.017062068006869557
2022-07-25,438.47,440.84,440.84,432.55,430.70K,-0.33%,-0.0032560339341639257
2022-07-26,442.89,434.33,445.97,432.31,657.37K,1.01%,0.010030037793596087
2022-07-27,452.97,448.65,456.55,447.32,505.72K,2.28%,0.022504465910381875
2022-07-28,474.29,456.11,477.37,453.2,499.74K,4.71%,0.045993050834485426
2022-07-29,481.34,475.04,483.29,474.03,657.16K,1.49%,0.01475493214528459
2022-08-01,476.86,476.97,484.26,474.78,515.97K,-0.93%,-0.009350934343997062
2022-08-02,477.69,472.51,485.19,471.86,307.12K,0.17%,0.0017390397761833857
2022-08-03,496.33,481.76,497.12,478.08,545.46K,3.90%,0.03827904154018046
2022-08-04,496.76,495.67,497.91,488.51,446.35K,0.09%,0.0008659840032070596
2022-08-05,496.18,489.61,496.59,488.2,262.26K,-0.12%,-0.001168247962546561
2022-08-08,500.82,503.86,506.43,497.69,293.43K,0.94%,0.00930799097341506
2022-08-09,494.93,498.46,500.12,492.51,228.80K,-1.18%,-0.011830416663346577
2022-08-10,512.12,510.5,513.98,503.89,277.22K,3.47%,0.03414263415062444
2022-08-11,501.12,516.93,516.93,500.38,235.68K,-2.15%,-0.02171337921559461
2022-08-12,506.71,505.45,507.29,499.1,330.95K,1.12%,0.011093254468451328
2022-08-15,508.63,505.0,510.26,502.44,369.05K,0.38%,0.0037819888678665746
2022-08-16,503.62,502.09,506.21,495.87,229.94K,-0.99%,-0.009898821258315024
2022-08-17,502.49,497.8,504.9,493.36,295.29K,-0.22%,-0.002246276202685655
2022-08-18,499.98,501.99,502.47,498.57,160.97K,-0.50%,-0.005007641615530398
2022-08-19,478.49,495.0,495.49,477.79,338.79K,-4.30%,-0.04393278558912947
2022-08-22,472.88,470.34,475.0,466.82,363.51K,-1.17%,-0.011793655516926934
2022-08-23,467.5,471.17,474.71,465.29,196.92K,-1.14%,-0.011442307787372333
2022-08-24,467.89,468.87,472.56,466.64,215.37K,0.08%,0.0008338768269894461
2022-08-25,475.78,470.0,476.1,463.88,174.45K,1.69%,0.0167223369613891
2022-08-26,456.42,477.14,477.14,455.2,347.12K,-4.07%,-0.041542124279855444
2022-08-29,456.0,451.77,457.9,451.77,309.88K,-0.09%,-0.0009206287228787353
2022-08-30,453.04,458.12,459.93,449.13,241.95K,-0.65%,-0.006512387708836523
2022-08-31,449.24,457.55,459.18,449.05,338.65K,-0.84%,-0.008423155710714277
2022-09-01,456.91,445.99,457.64,440.7,516.69K,1.71%,0.016929168862152563
2022-09-02,451.95,462.22,463.99,450.35,501.91K,-1.09%,-0.010914880712567998
2022-09-06,457.68,452.68,460.32,450.29,399.29K,1.27%,0.012598695715853514
2022-09-07,474.3,457.93,474.59,456.88,341.88K,3.63%,0.03566978292326281
2022-09-08,482.9,471.82,484.04,470.33,331.19K,1.81%,0.0179695599959602
2022-09-09,491.26,486.0,494.29,484.84,428.83K,1.73%,0.01716392633088622
2022-09-12,496.57,491.84,498.87,491.84,415.27K,1.08%,0.010750941245483368
2022-09-13,471.77,479.94,482.88,470.68,432.47K,-4.99%,-0.05123288176934995
2022-09-14,469.11,475.12,475.93,461.74,331.61K,-0.56%,-0.005654296162986992
2022-09-15,456.19,464.35,468.15,453.43,339.69K,-2.75%,-0.027927893123926326
2022-09-16,456.68,452.08,457.12,446.33,641.78K,0.11%,0.0010735374085241852
2022-09-19,451.38,451.82,452.06,442.44,422.07K,-1.16%,-0.011673370007941308
2022-09-20,447.77,447.27,453.49,443.2,321.52K,-0.80%,-0.008029849073578559
2022-09-21,439.57,450.02,454.17,439.57,297.32K,-1.83%,-0.018482731383911162
2022-09-22,427.09,437.15,437.41,421.43,557.47K,-2.84%,-0.028802212489820286
2022-09-23,422.33,422.45,425.92,415.11,505.11K,-1.11%,-0.011207764890819347
2022-09-26,420.76,423.29,430.08,418.09,540.58K,-0.37%,-0.0037243990909824397
2022-09-27,416.9,428.86,433.79,413.34,446.54K,-0.92%,-0.009216214984322213
2022-09-28,429.14,421.5,432.72,417.61,467.79K,2.94%,0.02893682113018379
2022-09-29,423.22,423.13,425.9,420.31,377.56K,-1.38%,-0.013891067610309624
2022-09-30,421.79,422.12,431.13,421.09,501.89K,-0.34%,-0.0033845785614329965
2022-10-03,431.58,424.87,432.98,420.78,307.01K,2.32%,0.0229453332621275
2022-10-04,450.86,440.6,451.01,438.94,375.43K,4.47%,0.043703976918666995
2022-10-05,447.48,444.13,451.34,441.34,319.86K,-0.75%,-0.007525026047256988
2022-10-06,436.65,444.04,447.99,436.6,341.54K,-2.42%,-0.02449988511898788
2022-10-07,419.84,431.15,433.89,416.17,398.30K,-3.85%,-0.039258272544072416
2022-10-10,406.92,417.32,419.2,403.35,470.39K,-3.08%,-0.03125708039012185
2022-10-11,399.35,404.67,409.37,393.78,501.94K,-1.86%,-0.018778380562149633
2022-10-12,401.65,400.1,404.64,395.01,516.03K,0.58%,0.005742837256423482
2022-10-13,406.08,390.88,408.42,385.0,557.75K,1.10%,0.01096912190620131
2022-10-14,388.72,411.87,412.78,387.23,408.71K,-4.28%,-0.043690894428375204
2022-10-17,402.96,398.74,406.17,398.74,438.00K,3.66%,0.03597801133974739
2022-10-18,408.56,417.51,417.75,405.27,300.24K,1.39%,0.013801480901993346
2022-10-19,398.79,401.79,404.09,395.28,261.00K,-2.39%,-0.024203819791770973
2022-10-20,393.66,397.71,399.47,390.38,541.98K,-1.29%,-0.012947369962776333
2022-10-21,401.48,394.69,402.27,388.12,774.00K,1.99%,0.019670126360758277
2022-10-24,412.15,405.68,412.68,397.28,643.35K,2.66%,0.026229641813636975
2022-10-25,448.42,416.32,448.75,416.32,735.56K,8.80%,0.0843429324770889
2022-10-26,451.6,446.0,461.2,444.85,602.07K,0.71%,0.0070665390391816555
2022-10-27,455.22,455.76,464.23,452.61,438.23K,0.80%,0.00798398630253153
2022-10-28,474.27,455.56,476.04,454.9,443.90K,4.18%,0.040995961198167535
2022-10-31,468.86,472.08,478.48,468.55,708.23K,-1.14%,-0.011472563354834112
2022-11-01,470.08,478.49,484.12,466.38,379.12K,0.26%,0.0025986765641405397
2022-11-02,453.74,469.26,474.55,452.88,417.87K,-3.48%,-0.035378546216797764
2022-11-03,451.15,446.98,458.75,444.87,367.26K,-0.57%,-0.005724468328205
2022-11-04,460.91,458.81,466.58,451.81,429.51K,2.16%,0.021402917730991323
2022-11-07,462.19,462.45,465.0,455.57,318.02K,0.28%,0.0027732657791648746
2022-11-08,467.9,464.99,472.77,459.82,365.73K,1.24%,0.012278535921504779
2022-11-09,465.13,463.39,469.9,460.3,301.07K,-0.59%,-0.005937661464721364
2022-11-10,509.7,489.89,512.37,489.61,578.83K,9.58%,0.09150538093854675
2022-11-11,512.37,513.91,522.24,509.01,509.80K,0.52%,0.005224702953213979
2022-11-14,492.24,507.96,511.05,491.45,630.57K,-3.93%,-0.040080617866975025
2022-11-15,503.02,507.46,509.9,499.54,409.26K,2.19%,0.021663528308451016
2022-11-16,507.21,500.63,508.62,495.65,322.66K,0.83%,0.00829518827629873
2022-11-17,491.09,498.55,502.05,487.37,210.09K,-3.18%,-0.032297708630742494
2022-11-18,490.31,503.49,503.49,480.77,612.56K,-0.16%,-0.0015895662609268575
2022-11-21,493.37,488.46,494.24,484.18,275.63K,0.62%,0.00622155552714442
2022-11-22,502.67,494.77,503.65,492.38,236.09K,1.88%,0.018674491525079856
2022-11-23,508.75,503.21,514.36,500.16,269.09K,1.21%,0.012022845579265268
2022-11-25,512.26,509.74,513.46,506.04,94.69K,0.69%,0.006875571889569207
2022-11-28,495.96,507.3,512.74,493.61,330.64K,-3.18%,-0.03233703033473279
2022-11-29,486.32,494.75,499.18,484.79,392.08K,-1.94%,-0.019628434871174223
2022-11-30,507.83,486.32,508.17,483.08,481.65K,4.42%,0.043279902462366265
2022-12-01,521.39,513.5,523.36,509.31,406.69K,2.67%,0.026351576279542915
2022-12-02,518.83,511.03,521.12,506.23,440.04K,-0.49%,-0.0049220456601969335
2022-12-05,504.49,512.11,512.11,500.73,430.98K,-2.76%,-0.028028258530516322
2022-12-06,499.9,505.23,505.86,495.65,377.72K,-0.91%,-0.009139939572138338
2022-12-07,500.4,500.0,503.29,496.49,428.83K,0.10%,0.0009997001732314009
2022-12-08,499.98,501.19,505.87,498.47,211.00K,-0.08%,-0.000839680970585572
2022-12-09,492.55,497.36,499.59,488.66,332.07K,-1.49%,-0.014972119320482275
2022-12-12,497.27,490.76,497.29,490.67,284.96K,0.96%,0.009537159840233744
2022-12-13,512.02,524.72,527.28,504.99,499.01K,2.97%,0.029230548634666155
2022-12-14,498.48,507.58,517.15,493.06,544.70K,-2.64%,-0.026800218540621527
2022-12-15,476.68,489.65,493.04,474.98,860.05K,-4.37%,-0.0447180620133612
2022-12-16,471.59,472.27,475.11,467.14,1.06M,-1.07%,-0.010735442194723655
2022-12-19,461.94,471.91,473.58,460.78,564.64K,-2.05%,-0.020674951509868512
2022-12-20,458.0,460.36,463.74,450.0,686.76K,-0.85%,-0.008565828403828203
2022-12-21,472.36,462.67,472.36,459.78,440.77K,3.14%,0.03087222261889592
2022-12-22,462.32,466.45,468.15,454.6,361.72K,-2.13%,-0.021484114723558326
2022-12-23,463.82,461.61,467.6,459.81,347.19K,0.32%,0.0032392539175404877
2022-12-27,460.43,462.82,468.55,455.21,399.72K,-0.73%,-0.007335710472403482
2022-12-28,454.44,460.59,464.5,453.94,210.96K,-1.30%,-0.013094943752955827
2022-12-29,471.92,460.13,473.42,458.5,272.50K,3.85%,0.03774358799311602
2022-12-30,465.17,466.34,469.43,459.49,354.44K,-1.43%,-0.01440654952186562
2023-01-03,461.16,469.57,476.99,456.35,345.00K,-0.86%,-0.008657875808201272
2023-01-04,474.12,466.02,475.15,462.38,427.22K,2.81%,0.027715399846546827
2023-01-05,459.12,467.98,471.85,459.08,324.99K,-3.16%,-0.03214884041119254
2023-01-06,469.01,465.45,473.16,455.48,366.29K,2.15%,0.021312476380482923
2023-01-09,480.54,475.83,491.83,472.72,312.13K,2.46%,0.024286381383055944
2023-01-10,488.08,479.83,489.97,477.01,270.85K,1.57%,0.015568855279951041
2023-01-11,504.12,494.26,504.41,491.35,364.16K,3.29%,0.03233500812569412
2023-01-12,504.05,505.12,506.8,494.84,303.04K,-0.01%,-0.00013886546934045594
2023-01-13,505.24,496.54,506.58,496.54,320.58K,0.24%,0.002358094405824004
2023-01-17,510.28,505.54,512.08,499.32,332.32K,1.00%,0.009926030764314786
2023-01-18,506.34,513.81,525.84,505.23,407.76K,-0.77%,-0.007751214272159101
2023-01-19,495.79,500.3,503.12,492.56,343.94K,-2.08%,-0.021055930423399996
2023-01-20,511.76,498.35,512.72,495.89,345.70K,3.22%,0.03170331516735203
2023-01-23,514.98,510.77,521.34,509.16,321.13K,0.63%,0.0062722998163015405
2023-01-24,519.84,512.31,523.01,510.77,319.08K,0.94%,0.009393006962606682
2023-01-25,508.64,508.42,514.07,497.27,372.70K,-2.15%,-0.021780574758297727
2023-01-26,515.21,512.0,519.1,506.74,622.18K,1.29%,0.012834087377169226
2023-01-27,519.92,511.2,524.42,506.3,481.18K,0.91%,0.009100369046431718
2023-01-30,506.56,512.94,516.82,504.46,628.35K,-2.57%,-0.026032176893446085
2023-01-31,531.56,514.65,531.96,499.04,754.03K,4.94%,0.048173302770659454
2023-02-01,554.52,542.58,560.38,529.26,913.68K,4.32%,0.04228679520686844
2023-02-02,568.44,563.85,572.5,558.89,903.45K,2.51%,0.024792892053485494
2023-02-03,567.43,558.19,569.45,556.05,494.20K,-0.18%,-0.0017783729937166563
2023-02-06,553.4,559.2,565.0,551.61,610.09K,-2.47%,-0.025036326377118712
2023-02-07,560.4,551.94,562.83,545.96,280.00K,1.26%,0.012569747110026484
2023-02-08,556.9,555.04,560.31,553.73,213.07K,-0.62%,-0.0062651238672290265
2023-02-09,555.59,561.07,566.27,553.55,727.22K,-0.24%,-0.0023550784375253662
2023-02-10,549.33,548.82,550.54,540.83,413.92K,-1.13%,-0.01133125833636533
2023-02-13,562.1,552.97,562.87,547.74,403.38K,2.32%,0.02298041618629707
2023-02-14,561.82,561.43,570.43,557.06,260.21K,-0.05%,-0.0004982561139452804
2023-02-15,567.06,555.86,567.07,553.63,349.51K,0.93%,0.009283604340935638
2023-02-16,552.99,553.44,560.77,551.76,265.72K,-2.48%,-0.02512520005882763
2023-02-17,544.83,547.69,550.11,538.49,438.77K,-1.48%,-0.014866098777674952
2023-02-21,524.82,535.7,537.91,523.09,572.55K,-3.67%,-0.037418472738698264
2023-02-22,524.05,527.49,527.79,520.12,386.03K,-0.15%,-0.001468247043632397
2023-02-23,527.78,529.06,530.47,519.67,195.35K,0.71%,0.007092430593732742
2023-02-24,518.16,520.14,522.12,512.02,298.27K,-1.82%,-0.01839545533525747
2023-02-27,525.79,526.0,530.69,523.71,364.75K,1.47%,0.014617818601997094
2023-02-28,522.15,525.9,531.9,521.14,335.76K,-0.69%,-0.006946990551101098
2023-03-01,515.45,519.22,522.49,514.37,375.49K,-1.28%,-0.012914597383163782
2023-03-02,517.29,510.65,517.29,508.47,387.07K,0.36%,0.003563340137756054
2023-03-03,536.67,521.61,537.28,520.53,382.68K,3.75%,0.03677973479108395
2023-03-06,542.91,537.95,545.49,537.86,568.01K,1.16%,0.011560179868985505
2023-03-07,533.98,542.92,547.91,531.48,406.56K,-1.64%,-0.016585175264933118
2023-03-08,535.85,532.12,537.82,527.48,254.70K,0.35%,0.0034958860837199283
2023-03-09,535.04,537.08,545.24,532.38,499.24K,-0.15%,-0.0015127607027240354
2023-03-10,522.27,535.0,536.85,519.11,595.36K,-2.39%,-0.02415681491754583
2023-03-13,528.28,517.8,534.14,513.84,786.33K,1.15%,0.011441750636867259
2023-03-14,548.25,540.65,558.28,540.38,638.97K,3.78%,0.03710494112239397
2023-03-15,536.77,534.95,538.34,520.55,506.40K,-2.09%,-0.021161689938462052
2023-03-16,546.57,533.97,560.25,533.97,456.68K,1.83%,0.0180926898861679
2023-03-17,537.09,547.08,548.57,532.51,999.63K,-1.73%,-0.01749670901441207
2023-03-20,544.33,540.49,545.1,534.02,353.29K,1.35%,0.013390002353600116
2023-03-21,554.33,550.29,556.36,549.43,470.76K,1.84%,0.018204496692743023
2023-03-22,547.18,552.68,563.81,546.65,414.35K,-1.29%,-0.012982361344853014
2023-03-23,546.96,546.31,555.71,541.61,457.53K,-0.04%,-0.00040214232724281767
2023-03-24,543.1,541.75,544.99,536.27,323.34K,-0.71%,-0.007082208564738975
2023-03-27,540.35,548.4,548.4,538.9,413.22K,-0.51%,-0.005076387291624982
2023-03-28,542.9,540.27,543.15,534.72,222.21K,0.47%,0.004708063162230783
2023-03-29,550.93,549.55,552.05,543.46,276.39K,1.48%,0.014682618428736636
2023-03-30,548.72,556.54,556.54,545.41,328.14K,-0.40%,-0.004019466149075989
2023-03-31,559.69,553.5,559.79,550.13,347.07K,2.00%,0.019794765832325086
2023-04-03,557.37,553.55,558.53,550.01,330.11K,-0.41%,-0.004153766737202124
2023-04-04,550.38,560.22,563.06,549.48,456.96K,-1.25%,-0.01262034353656974
2023-04-05,538.37,546.46,550.99,536.27,318.65K,-2.18%,-0.022062892625343458
2023-04-06,533.65,534.21,537.39,532.36,333.50K,-0.88%,-0.008805862764301883
2023-04-10,528.44,528.32,529.05,512.58,443.98K,-0.98%,-0.009810923349820519
2023-04-11,529.67,530.34,535.37,525.59,391.62K,0.23%,0.002324901104855486
2023-04-12,530.83,535.78,539.02,529.74,375.82K,0.22%,0.0021876482086333406
2023-04-13,542.61,534.16,543.15,530.13,301.53K,2.22%,0.02194901051389131
2023-04-14,540.03,541.12,553.04,538.31,538.41K,-0.48%,-0.004766136266810772
2023-04-17,537.57,537.19,544.97,534.37,476.98K,-0.46%,-0.004565709490288769
2023-04-18,544.46,542.13,548.4,537.61,406.56K,1.28%,0.01273549370248056
2023-04-19,545.48,542.48,547.2,539.55,230.14K,0.19%,0.0018716632067186246
2023-04-20,546.58,540.37,550.65,539.0,208.23K,0.20%,0.0020145420068826275
2023-04-21,544.6,547.54,548.13,543.07,373.59K,-0.36%,-0.003629102756856605
2023-04-24,544.61,545.71,548.39,541.23,388.96K,0.00%,1.8361932042919165e-05
2023-04-25,471.15,535.79,539.03,471.0,1.53M,-13.49%,-0.144893427518937
2023-04-26,458.22,463.3,467.62,455.0,1.60M,-2.74%,-0.02782709652441739
2023-04-27,464.29,466.49,469.17,459.12,1.21M,1.32%,0.013159938866749571
2023-04-28,482.45,462.63,486.1,462.63,1.11M,3.91%,0.038367931471295455
2023-05-01,483.03,482.83,489.31,480.14,648.43K,0.12%,0.001201475058564113
2023-05-02,468.49,479.5,480.24,466.1,659.21K,-3.01%,-0.030564006791464107
2023-05-03,465.77,468.34,476.59,465.18,492.74K,-0.58%,-0.005822806681537565
2023-05-04,461.55,464.19,467.92,461.15,453.17K,-0.91%,-0.009101559615794607
2023-05-05,473.65,467.65,474.32,464.84,423.69K,2.62%,0.025878261885382906
2023-05-08,472.88,474.82,479.0,471.55,461.06K,-0.16%,-0.0016269958054294395
2023-05-09,472.87,468.79,476.28,468.79,353.77K,0.00%,-2.1147237642798617e-05
2023-05-10,476.07,479.0,482.93,470.83,559.62K,0.68%,0.006744392964389364
2023-05-11,470.4,473.35,475.69,467.15,338.71K,-1.19%,-0.011981505658443482
2023-05-12,469.63,472.24,474.95,463.63,443.38K,-0.16%,-0.0016382459543071166
2023-05-15,463.56,468.63,469.84,462.28,442.55K,-1.29%,-0.013009324163919702
2023-05-16,456.98,460.55,462.03,455.15,470.35K,-1.42%,-0.014296200205791918
2023-05-17,461.27,461.65,463.31,457.79,389.55K,0.94%,0.009343928587906569
2023-05-18,472.25,461.7,474.36,457.66,466.44K,2.38%,0.02352495153331409
2023-05-19,469.84,473.67,475.29,467.87,345.49K,-0.51%,-0.00511629516735491
2023-05-22,472.42,469.3,475.48,469.28,274.00K,0.55%,0.005476209215297945
2023-05-23,460.1,467.72,471.81,457.13,613.86K,-2.61%,-0.026424563268138943
2023-05-24,457.19,455.87,460.9,451.55,536.46K,-0.63%,-0.006344797745935619
2023-05-25,466.51,460.78,469.38,460.0,491.92K,2.04%,0.020180396869382472
2023-05-26,475.83,470.44,478.57,468.51,393.22K,2.00%,0.019781191298708315
2023-05-30,471.41,480.72,486.5,469.6,418.22K,-0.93%,-0.009332443899675398
2023-05-31,470.53,468.97,471.69,465.6,723.42K,-0.19%,-0.0018684847358089833
2023-06-01,466.97,471.17,472.0,458.18,414.74K,-0.76%,-0.007594703171356415
2023-06-02,478.76,472.53,479.64,471.3,423.58K,2.52%,0.024934412228432384
2023-06-05,480.81,477.84,483.56,477.55,375.29K,0.43%,0.0042727536684239375
2023-06-06,477.24,478.17,481.16,473.36,401.73K,-0.74%,-0.007452672665994089
2023-06-07,472.49,479.44,483.83,471.37,465.32K,-1.00%,-0.010002926318927217
2023-06-08,480.87,474.34,481.72,471.92,319.52K,1.77%,0.017580380617226908
2023-06-09,473.85,482.26,482.26,473.2,393.63K,-1.46%,-0.014706147389695449
2023-06-12,474.18,477.46,477.46,470.73,1.04M,0.07%,0.0006961805287349466
2023-06-13,479.99,477.19,482.47,471.65,1.37M,1.23%,0.012178273906647387
2023-06-14,486.2,480.49,488.9,473.26,733.93K,1.29%,0.012854791530436576
2023-06-15,487.55,481.55,489.7,478.8,457.56K,0.28%,0.002772787399105097
2023-06-16,477.73,491.65,492.45,477.4,628.45K,-2.01%,-0.020347129936026935
2023-06-20,473.78,476.11,478.18,468.45,559.11K,-0.83%,-0.008302640415120447
2023-06-21,474.65,467.76,478.27,465.2,438.99K,0.18%,0.0018346113978268245
2023-06-22,467.2,471.81,471.81,463.72,349.00K,-1.57%,-0.015820258813790154
2023-06-23,465.15,462.65,471.98,460.01,737.23K,-0.44%,-0.004397497299449647
2023-06-26,463.25,463.83,466.42,461.54,405.16K,-0.41%,-0.0040930690490984505
2023-06-27,465.08,466.21,469.72,464.2,456.30K,0.40%,0.003942568634938138
2023-06-28,463.32,466.31,466.31,456.93,657.66K,-0.38%,-0.003791473736262136
2023-06-29,462.07,464.57,470.7,460.42,718.93K,-0.27%,-0.002701565308152605
2023-06-30,469.29,466.34,473.77,462.43,722.05K,1.56%,0.015504519485795855
2023-07-03,472.82,468.49,472.93,464.5,255.07K,0.75%,0.007493852139862972
2023-07-05,473.32,467.82,474.53,465.98,500.18K,0.11%,0.0010569261347064167
2023-07-06,469.46,466.01,470.2,463.76,624.95K,-0.82%,-0.008188594515616977
2023-07-07,471.75,467.22,475.17,466.91,426.53K,0.49%,0.004866086247918506
2023-07-10,480.63,471.39,481.0,468.54,794.32K,1.88%,0.018648559078072995
2023-07-11,486.65,480.18,488.99,478.29,486.13K,1.25%,0.012447435545770068
2023-07-12,497.75,494.75,499.34,493.24,501.72K,2.28%,0.022552764071803066
2023-07-13,497.78,499.9,503.89,497.41,463.39K,0.01%,6.026940425520391e-05
2023-07-14,497.18,499.5,500.93,495.21,437.80K,-0.12%,-0.0012060787825265008
2023-07-17,499.25,492.71,499.44,490.71,532.40K,0.42%,0.004154838729890225
2023-07-18,502.83,500.0,503.24,493.76,443.08K,0.72%,0.007145168511352261
2023-07-19,507.94,501.29,510.42,501.29,636.90K,1.02%,0.010111189559421528
2023-07-20,509.66,504.89,512.43,504.03,490.49K,0.34%,0.0033805063639695703
2023-07-21,511.42,511.49,514.67,505.02,550.52K,0.35%,0.003447333691781912
2023-07-24,502.75,511.22,513.99,500.73,709.13K,-1.70%,-0.01709814176968831
2023-07-25,548.2,508.67,548.91,507.56,1.14M,9.04%,0.08654715521592407
2023-07-26,557.25,550.0,564.35,547.19,776.07K,1.65%,0.016373788397292654
2023-07-27,553.6,555.22,561.44,551.92,687.76K,-0.66%,-0.006571567962518404
2023-07-28,550.28,560.47,563.5,549.58,411.41K,-0.60%,-0.006015164710665012
2023-07-31,548.08,548.9,552.45,543.37,404.91K,-0.40%,-0.00400597789815108
2023-08-01,545.94,546.32,549.01,542.14,450.89K,-0.39%,-0.003912182097989141
2023-08-02,545.25,540.62,545.51,532.84,613.61K,-0.13%,-0.0012646745149160758
2023-08-03,543.78,542.68,548.11,539.52,441.14K,-0.27%,-0.002699651786993223
2023-08-04,542.26,545.38,551.62,541.35,385.59K,-0.28%,-0.002799162079614466
2023-08-07,551.5,545.65,552.66,544.22,344.54K,1.70%,0.01689624747842643
2023-08-08,548.07,547.75,549.05,537.28,369.43K,-0.62%,-0.0062388226769690145
2023-08-09,546.2,547.5,553.48,545.96,276.85K,-0.34%,-0.0034178069769834735
2023-08-10,546.86,548.59,553.28,542.82,294.58K,0.12%,0.001207619124675415
2023-08-11,548.99,543.84,549.48,541.43,242.56K,0.39%,0.00388739824310875
2023-08-14,547.28,550.12,550.9,546.16,217.84K,-0.31%,-0.003119671954646489
2023-08-15,533.82,542.85,542.85,533.01,294.62K,-2.46%,-0.024901850968011466
2023-08-16,529.63,532.79,534.64,529.6,201.28K,-0.78%,-0.00788005394060675
2023-08-17,520.75,529.74,529.74,520.6,435.54K,-1.68%,-0.016908569403042934
2023-08-18,520.17,515.48,524.24,512.22,297.31K,-0.11%,-0.0011143989163902167
2023-08-21,524.74,518.45,526.74,516.48,353.93K,0.88%,0.008747220600806602
2023-08-22,527.91,527.41,531.84,524.74,275.79K,0.60%,0.0060229128062820715
2023-08-23,535.85,530.49,536.02,527.85,264.73K,1.50%,0.014928456527226342
2023-08-24,532.46,536.58,538.56,530.66,243.51K,-0.63%,-0.006346493767768927
2023-08-25,531.15,535.17,537.69,528.15,189.01K,-0.25%,-0.002463310165214798
2023-08-28,532.15,532.75,534.72,529.39,190.66K,0.19%,0.0018809372610309176
2023-08-29,538.61,531.92,538.79,529.47,264.75K,1.21%,0.012066342372376004
2023-08-30,544.13,537.81,547.13,537.81,224.95K,1.02%,0.010196442035825759
2023-08-31,543.62,545.18,545.6,540.9,350.15K,-0.09%,-0.0009377155364204893
2023-09-01,541.39,547.88,547.88,538.69,214.02K,-0.41%,-0.004110566980913616
2023-09-05,541.16,538.19,543.19,532.32,443.67K,-0.04%,-0.00042492264276151843
2023-09-06,541.84,541.66,548.5,540.43,396.36K,0.13%,0.0012557711714888617
2023-09-07,546.49,538.19,547.41,529.04,318.17K,0.86%,0.008545254280864584
2023-09-08,533.79,548.46,548.56,531.86,263.90K,-2.32%,-0.02351350600065836
2023-09-11,536.16,536.02,538.09,531.5,208.85K,0.44%,0.0044301208021455905
2023-09-12,525.97,529.17,532.61,522.45,409.42K,-1.90%,-0.01918844709833558
2023-09-13,535.25,527.23,536.75,523.68,339.19K,1.76%,0.017489750579127633
2023-09-14,538.69,535.89,539.35,528.18,376.02K,0.64%,0.006406338836675179
2023-09-15,530.08,530.54,540.14,529.35,810.85K,-1.60%,-0.016112327754881643
2023-09-18,533.09,528.25,537.22,525.26,284.89K,0.57%,0.00566232689447682
2023-09-19,538.05,533.24,538.63,529.65,254.71K,0.93%,0.009261227200338552
2023-09-20,535.04,540.55,543.8,534.02,299.82K,-0.56%,-0.0056099821901191005
2023-09-21,515.42,527.34,530.55,514.28,481.30K,-3.67%,-0.03735940817910804
2023-09-22,513.16,515.56,517.99,510.72,290.58K,-0.44%,-0.004394414896034679
2023-09-25,516.9,509.87,517.36,507.05,299.11K,0.73%,0.007261744820854275
2023-09-26,516.26,511.6,526.06,511.6,530.65K,-0.12%,-0.0012389176543075539
2023-09-27,511.94,519.46,522.23,503.3,339.52K,-0.84%,-0.008403083875169725
2023-09-28,521.5,513.99,523.04,513.01,340.11K,1.87%,0.018501843768310898
2023-09-29,513.08,526.86,529.69,512.27,287.76K,-1.61%,-0.016277496009177113
2023-10-02,506.99,511.51,513.61,499.67,306.35K,-1.19%,-0.01194049890086264
2023-10-03,495.46,504.55,509.57,491.68,341.55K,-2.27%,-0.023004655558156846
2023-10-04,501.59,497.57,502.5,495.54,352.98K,1.24%,0.012296428943204731
2023-10-05,498.13,501.05,502.9,495.28,367.41K,-0.69%,-0.006921965780578377
2023-10-06,513.34,493.38,515.83,490.47,416.63K,3.05%,0.030077306532964615
2023-10-09,515.37,511.8,518.29,509.27,243.02K,0.40%,0.00394669563824213
2023-10-10,520.78,515.03,523.78,510.81,244.32K,1.05%,0.010442598392745044
2023-10-11,523.17,525.58,527.65,518.78,253.80K,0.46%,0.004578771350269647
2023-10-12,520.09,525.66,529.34,517.25,311.18K,-0.59%,-0.005904585527011197
2023-10-13,510.56,521.6,521.6,506.46,331.58K,-1.83%,-0.018493710992533958
2023-10-16,515.46,515.78,520.98,513.41,191.62K,0.96%,0.009551543348086939
2023-10-17,515.8,510.82,520.38,510.82,207.13K,0.07%,0.0006593875692240503
2023-10-18,505.99,510.99,512.98,504.7,418.85K,-1.90%,-0.01920218720091619
2023-10-19,497.27,507.23,508.64,496.12,282.61K,-1.72%,-0.01738376810440622
2023-10-20,489.74,495.96,498.55,485.93,340.91K,-1.51%,-0.015258500106642396
2023-10-23,487.59,487.18,495.0,482.49,323.20K,-0.44%,-0.00439974925208522
2023-10-24,488.05,489.35,495.37,483.4,286.63K,0.09%,0.0009429708377799421
2023-10-25,479.63,481.48,490.03,476.7,292.84K,-1.73%,-0.01740288629714536
2023-10-26,481.55,478.35,487.51,477.81,370.91K,0.40%,0.003995094683044481
2023-10-27,476.19,481.95,485.55,474.57,398.23K,-1.11%,-0.011193133754613588
2023-10-30,481.99,479.78,483.79,474.41,424.02K,1.22%,0.012106432695154113
2023-10-31,471.55,473.0,476.53,466.23,541.57K,-2.17%,-0.021898225957519966
2023-11-01,471.85,468.35,480.62,458.99,687.38K,0.06%,0.0006359974774482529
2023-11-02,487.02,480.19,487.03,475.9,493.72K,3.22%,0.03164405153379722
2023-11-03,497.76,484.92,498.8,484.92,355.81K,2.21%,0.02181284314818749
2023-11-06,496.56,498.43,500.14,493.12,327.66K,-0.24%,-0.002413711043929597
2023-11-07,497.3,499.81,503.65,495.94,457.93K,0.15%,0.001489143615295558
2023-11-08,504.98,496.94,507.33,496.94,251.22K,1.54%,0.015325358810013314
2023-11-09,506.22,507.2,512.81,504.28,257.60K,0.25%,0.0024525328748841364
2023-11-10,514.26,509.14,514.41,500.39,347.05K,1.59%,0.015757616733255864
2023-11-13,503.79,510.0,512.78,501.3,399.19K,-2.04%,-0.02056945956382009
2023-11-14,518.05,512.45,522.91,512.42,397.15K,2.83%,0.027912248122734414
2023-11-15,521.75,520.1,524.46,518.69,284.69K,0.71%,0.007116783259549464
2023-11-16,524.27,523.27,529.71,521.01,250.98K,0.48%,0.00481827283475703
2023-11-17,521.42,528.96,528.96,518.63,354.05K,-0.54%,-0.005450959762118962
2023-11-20,522.21,521.86,524.04,518.95,220.39K,0.15%,0.0015139468027794692
2023-11-21,524.89,522.0,524.99,518.65,161.53K,0.51%,0.005118910996192406
2023-11-22,523.97,529.18,533.35,523.79,180.30K,-0.18%,-0.0017542860552278204
2023-11-24,528.35,522.87,528.43,522.11,103.78K,0.84%,0.008324512113347657
2023-11-27,525.35,524.47,528.03,522.73,194.12K,-0.57%,-0.0056942357522554955
2023-11-28,523.84,522.39,528.15,522.22,189.38K,-0.29%,-0.002878412952014131
2023-11-29,526.57,528.15,532.08,525.36,211.34K,0.52%,0.005197982020018209
2023-11-30,520.85,526.42,528.29,516.58,364.42K,-1.09%,-0.010922183772330512
2023-12-01,527.7,519.13,528.29,516.49,402.40K,1.32%,0.013065847981164351
2023-12-04,525.49,524.75,532.5,522.02,259.15K,-0.42%,-0.00419677977139799
2023-12-05,523.43,523.11,524.57,517.1,195.74K,-0.39%,-0.003927854647599293
2023-12-06,515.11,526.92,527.98,515.0,359.45K,-1.59%,-0.01602283590345253
2023-12-07,508.44,516.99,518.46,507.38,343.44K,-1.29%,-0.013033255662704357
2023-12-08,506.68,507.04,509.07,500.01,348.29K,-0.35%,-0.0034675738110363625
2023-12-11,516.61,507.71,518.43,507.71,324.41K,1.96%,0.01940859719538802
2023-12-12,526.02,518.96,526.25,513.04,319.40K,1.82%,0.01805099701772925
2023-12-13,546.37,534.71,546.97,529.1,696.24K,3.87%,0.03795716708908051
2023-12-14,542.11,551.25,559.86,538.55,510.47K,-0.78%,-0.007827469040440226
2023-12-15,531.58,541.51,541.51,528.49,643.76K,-1.94%,-0.019615229018219788
2023-12-18,532.86,531.82,536.42,525.26,564.23K,0.24%,0.0024050216394980286
2023-12-19,542.53,535.0,544.24,534.8,350.96K,1.81%,0.017984657926354262
2023-12-20,540.18,541.72,555.78,540.14,337.48K,-0.43%,-0.004340966076381617
2023-12-21,553.02,544.43,553.43,541.32,317.18K,2.38%,0.02349174988518741
2023-12-22,562.28,554.75,562.7,554.75,384.86K,1.67%,0.01660577922993731
2023-12-26,561.27,562.28,563.35,558.44,145.50K,-0.18%,-0.0017978732981281777
2023-12-27,565.62,561.57,566.93,561.57,195.00K,0.78%,0.007720401470677113
2023-12-28,570.6,566.93,573.18,566.91,245.26K,0.88%,0.008765964143285706
2023-12-29,565.65,569.44,573.32,563.86,271.49K,-0.87%,-0.008712926406923869
2024-01-02,555.8,560.04,561.52,551.09,364.73K,-1.74%,-0.017566995064072485
2024-01-03,549.87,552.91,552.91,544.84,418.58K,-1.07%,-0.010726630656537043
2024-01-04,559.72,547.34,562.32,547.34,368.60K,1.79%,0.01775477203564648
2024-01-05,538.05,556.2,560.21,536.35,447.09K,-3.87%,-0.03948516604111146
2024-01-08,543.15,541.92,543.26,536.07,347.42K,0.95%,0.009434032233358714
2024-01-09,539.75,537.83,546.7,537.82,358.18K,-0.63%,-0.006279455484843136
2024-01-10,546.66,541.63,546.83,538.0,243.42K,1.28%,0.012720967558905293
2024-01-11,550.28,549.78,554.78,546.1,867.59K,0.66%,0.006600202638972787
2024-01-12,545.46,555.3,556.0,542.31,308.63K,-0.88%,-0.008797764230972883
2024-01-16,542.47,541.07,543.52,536.08,604.42K,-0.55%,-0.005496691015453644
2024-01-17,538.16,532.0,539.3,525.46,538.85K,-0.79%,-0.007976870629017998
2024-01-18,546.46,551.35,554.27,539.36,615.09K,1.54%,0.015305198173840722
2024-01-19,553.93,551.4,556.28,545.04,380.01K,1.37%,0.013577213082166388
2024-01-22,566.22,556.83,569.6,556.17,455.98K,2.22%,0.02194437028793945
2024-01-23,563.8,566.63,571.19,562.88,362.01K,-0.43%,-0.004283116581284648
2024-01-24,558.46,567.79,567.79,558.09,291.49K,-0.95%,-0.009516583147438131
2024-01-25,554.77,558.68,559.59,549.35,508.88K,-0.66%,-0.006629382093938379
2024-01-26,549.29,557.09,559.33,544.36,561.56K,-0.99%,-0.009927078243940365
2024-01-29,550.95,542.38,551.48,542.38,683.67K,0.30%,0.003017525739091022
2024-01-30,602.24,580.14,617.39,580.14,1.31M,9.31%,0.08901197602317408
2024-01-31,598.62,600.0,612.53,596.63,817.81K,-0.60%,-0.0060290308034893
2024-02-01,604.3,598.94,604.3,584.41,785.89K,0.95%,0.009443757214041953
2024-02-02,593.06,603.36,604.58,590.67,576.88K,-1.86%,-0.018775189049734162
2024-02-05,583.39,590.85,592.39,582.43,715.41K,-1.63%,-0.016439657929247543
2024-02-06,582.0,586.93,586.93,579.34,469.08K,-0.24%,-0.002385468657093305
2024-02-07,590.63,585.08,591.49,578.35,475.35K,1.48%,0.01471931608920183
2024-02-08,585.5,586.43,588.48,581.25,515.32K,-0.87%,-0.00872358078286772
2024-02-09,592.42,585.39,594.24,584.5,336.22K,1.18%,0.011749659758298838
2024-02-12,590.19,592.93,596.8,589.42,485.12K,-0.38%,-0.0037713238397868282
2024-02-13,575.61,580.0,582.28,570.8,403.41K,-2.47%,-0.025014170918166625
2024-02-14,572.8,580.66,580.66,568.6,443.40K,-0.49%,-0.004893732391681657
2024-02-15,575.72,573.64,578.01,571.32,386.36K,0.51%,0.005084815748034196
2024-02-16,568.75,573.25,578.38,568.07,327.83K,-1.21%,-0.012180461129309874
2024-02-20,556.56,559.38,560.26,551.18,903.97K,-2.14%,-0.02166598864977439
2024-02-21,555.65,554.5,559.73,549.57,501.60K,-0.16%,-0.0016363819837303258
2024-02-22,565.47,563.79,569.51,560.12,482.21K,1.77%,0.01751864411941971
2024-02-23,568.97,568.49,571.18,566.07,410.41K,0.62%,0.0061704649079641575
2024-02-26,567.93,569.25,574.14,567.62,398.44K,-0.18%,-0.001829536969111111
2024-02-27,557.84,567.78,567.78,557.62,413.51K,-1.78%,-0.017925988777172892
2024-02-28,567.91,554.86,568.2,554.31,429.69K,1.81%,0.017890772549531607
2024-02-29,560.97,569.79,570.34,560.84,432.24K,-1.22%,-0.0122955273053082
2024-03-01,565.48,558.52,567.44,554.77,260.59K,0.80%,0.00800749984185316
2024-03-04,558.37,565.28,565.84,557.8,365.25K,-1.26%,-0.012653102922271555
2024-03-05,550.35,556.0,557.15,548.52,257.53K,-1.44%,-0.014467385607159466
2024-03-06,549.53,551.0,554.22,547.2,487.89K,-0.15%,-0.0014910720295401032
2024-03-07,550.17,559.2,559.2,550.0,382.48K,0.12%,0.0011639539369926572
2024-03-08,551.5,550.0,555.18,549.15,279.91K,0.24%,0.002414517316703864
2024-03-11,564.3,550.52,564.79,548.39,413.20K,2.32%,0.022944186281537146
2024-03-12,565.8,567.6,578.65,561.39,366.36K,0.27%,0.0026546338923724927
2024-03-13,557.52,566.98,566.98,556.73,340.97K,-1.46%,-0.014742281737203319
2024-03-14,553.07,559.0,559.22,546.85,295.68K,-0.80%,-0.008013801340308038
2024-03-15,544.74,549.56,552.12,544.08,520.65K,-1.51%,-0.015175959178234449
2024-03-18,550.39,547.25,555.19,545.54,358.42K,1.04%,0.010318501237710706
2024-03-19,564.33,551.0,564.8,548.82,341.44K,2.53%,0.025012068923607467
2024-03-20,559.14,565.05,565.43,555.82,529.32K,-0.92%,-0.009239297747419889
2024-03-21,563.78,560.42,568.46,560.02,493.41K,0.83%,0.008264215453002198
2024-03-22,553.11,563.0,563.0,550.79,364.32K,-1.89%,-0.01910720772821223
2024-03-25,551.34,550.75,552.21,547.53,297.44K,-0.32%,-0.0032052180095605357
2024-03-26,551.68,551.93,556.0,551.06,377.73K,0.06%,0.0006164892944247663
2024-03-27,557.0,556.62,558.23,550.42,312.99K,0.96%,0.00959707189201045
2024-03-28,560.45,558.46,563.23,557.52,338.98K,0.62%,0.00617479253982041
2024-04-01,554.83,562.36,563.62,552.24,280.78K,-1.00%,-0.010078271948334596
2024-04-02,542.29,551.69,554.73,537.83,356.45K,-2.26%,-0.022860846819645442
2024-04-03,540.0,541.94,544.56,539.51,313.85K,-0.42%,-0.004231774140804379
2024-04-04,533.58,543.37,547.95,531.91,465.27K,-1.19%,-0.011960126918716323
2024-04-05,542.39,536.24,543.56,535.35,421.81K,1.65%,0.016376287238455224
2024-04-08,549.06,544.4,549.99,541.4,302.08K,1.23%,0.012222425277282884
2024-04-09,554.72,554.7,554.99,549.82,273.59K,1.03%,0.010255756781371583
2024-04-10,533.05,541.55,549.1,532.6,317.42K,-3.91%,-0.0398482535402293
2024-04-11,534.49,532.66,539.29,526.58,336.70K,0.27%,0.002697792819698123
2024-04-12,526.62,528.51,532.9,520.78,434.82K,-1.47%,-0.014833795384100994
2024-04-15,513.06,533.36,534.1,510.76,525.04K,-2.57%,-0.026086428436162396
2024-04-16,513.43,513.2,514.35,508.67,470.88K,0.07%,0.0007209033035376313
2024-04-17,511.83,517.57,518.41,511.47,447.73K,-0.31%,-0.00312116204452872
2024-04-18,505.76,512.32,518.17,499.77,1.42M,-1.19%,-0.011930290187620044
2024-04-19,510.07,508.03,510.22,503.99,519.94K,0.85%,0.008485722734432485
2024-04-22,515.17,514.28,522.13,510.39,915.20K,1.00%,0.009948972079317782
2024-04-23,446.0,479.0,483.08,439.95,3.66M,-13.43%,-0.1441779912609937
2024-04-24,464.65,452.5,471.03,449.0,2.23M,4.18%,0.04096548198328416
2024-04-25,464.49,466.88,474.32,458.92,1.47M,-0.03%,-0.00034440450649303656
2024-04-26,477.78,465.23,479.33,463.16,1.04M,2.86%,0.028210346000553315
2024-04-29,476.98,480.48,483.0,472.54,1.04M,-0.17%,-0.001675814209274522
2024-04-30,465.79,475.67,482.15,464.82,932.70K,-2.35%,-0.023739672509734588
2024-05-01,470.03,465.54,480.48,463.35,920.10K,0.91%,0.009061633675904771
2024-05-02,467.7,471.29,471.98,458.69,767.77K,-0.50%,-0.004969457722463577
2024-05-03,467.04,473.26,474.9,466.36,826.48K,-0.14%,-0.001412157626035781
2024-05-06,475.49,471.95,480.26,470.01,1.08M,1.81%,0.017930944164279882
2024-05-07,471.4,479.23,479.23,471.34,852.71K,-0.86%,-0.008638860768053737
2024-05-08,470.75,470.28,474.87,468.43,811.42K,-0.14%,-0.001379822964768902
2024-05-09,482.5,472.85,484.5,472.38,760.09K,2.50%,0.024653753241778917
2024-05-10,485.16,483.8,487.88,482.28,544.66K,0.55%,0.005497812661639265
2024-05-13,485.57,488.24,493.14,484.0,448.45K,0.08%,0.0008447251540179356
2024-05-14,488.11,490.0,494.35,482.69,738.91K,0.52%,0.005217331693534822
2024-05-15,490.06,490.0,493.85,486.99,773.52K,0.40%,0.003987042299766977
2024-05-16,497.51,488.53,503.52,488.07,931.52K,1.52%,0.015087824311147814
2024-05-17,505.33,500.88,505.66,495.2,878.54K,1.57%,0.01559602430723534
2024-05-20,512.26,502.54,512.62,502.54,569.81K,1.37%,0.013620627439991137
2024-05-21,505.53,511.29,515.47,502.55,798.45K,-1.31%,-0.013224924765813363
2024-05-22,503.83,507.63,507.63,499.07,655.35K,-0.34%,-0.003368474295469231
2024-05-23,490.4,505.56,507.8,489.82,1.18M,-2.67%,-0.027017524963089862
2024-05-24,493.0,492.85,495.6,487.97,482.85K,0.53%,0.005287789420688547
2024-05-28,495.7,493.0,496.26,488.62,715.03K,0.55%,0.0054617309838380645
2024-05-29,489.74,491.08,493.35,487.0,663.48K,-1.20%,-0.01209626699124877
2024-05-30,489.52,489.0,491.35,483.46,508.89K,-0.04%,-0.0004493188809944182
2024-05-31,495.18,487.89,495.62,485.36,701.59K,1.16%,0.011496013678362766
2024-06-03,490.5,494.22,495.87,483.98,789.89K,-0.95%,-0.00949605382723008
2024-06-04,493.19,491.1,495.32,488.91,438.02K,0.55%,0.005469216329012853
2024-06-05,498.31,494.28,501.5,486.87,481.40K,1.04%,0.010327877983552673
2024-06-06,493.09,498.08,502.87,491.76,722.14K,-1.05%,-0.01053066015563916
2024-06-07,491.69,491.9,496.16,490.0,394.15K,-0.28%,-0.0028432765554926576
2024-06-10,484.01,488.09,489.43,482.9,473.03K,-1.56%,-0.015742868946633848
2024-06-11,484.48,482.79,486.68,480.56,574.16K,0.10%,0.0009705831488115363
2024-06-12,487.94,490.31,493.17,486.86,494.60K,0.71%,0.007116296665374167
2024-06-13,484.28,486.22,488.08,482.42,483.05K,-0.75%,-0.007529195634863953
2024-06-14,480.53,478.98,482.94,476.54,534.00K,-0.77%,-0.00777359041459394
2024-06-17,484.78,479.16,487.61,477.31,491.96K,0.88%,0.008805518353771705
2024-06-18,476.52,484.44,487.07,475.32,732.69K,-1.70%,-0.01718548484755687
2024-06-20,482.79,478.88,484.99,478.11,669.86K,1.32%,0.013072081567352921
2024-06-21,486.32,481.38,486.6,480.36,725.72K,0.73%,0.007285066941953732
2024-06-24,489.16,486.15,492.75,483.66,383.06K,0.58%,0.00582279088070205
2024-06-25,488.79,489.96,490.18,484.79,490.08K,-0.08%,-0.0007566849381958003
2024-06-26,486.91,484.74,488.35,482.06,294.86K,-0.38%,-0.003853648307049785
2024-06-27,486.81,486.83,491.96,485.64,362.23K,-0.02%,-0.00020539785636859278
2024-06-28,481.75,487.7,491.13,479.37,829.87K,-1.04%,-0.010448595925079242
2024-07-01,479.31,481.78,484.66,478.33,477.53K,-0.51%,-0.005077737586885884
2024-07-02,491.42,479.59,491.43,478.83,428.71K,2.53%,0.024951589591964814
2024-07-03,491.01,494.16,499.68,491.01,351.72K,-0.08%,-0.0008346651136524469
2024-07-05,495.24,491.19,495.26,488.44,384.93K,0.86%,0.00857799936658858
2024-07-08,492.26,495.13,498.23,491.18,363.03K,-0.60%,-0.006035461358950173
2024-07-09,489.07,491.91,495.6,488.72,465.50K,-0.65%,-0.006501403679296127
2024-07-10,489.0,489.75,491.79,487.43,596.65K,-0.01%,-0.00014313903937248376
2024-07-11,493.65,488.98,497.72,487.64,707.91K,0.95%,0.009464274582586665
2024-07-12,502.0,495.85,505.4,494.0,664.40K,1.69%,0.016773355634270664
2024-07-15,501.5,500.36,503.36,498.76,524.42K,-0.10%,-0.0009965122897389732
2024-07-16,508.0,504.16,510.33,503.42,544.18K,1.30%,0.012877840176491661
2024-07-17,504.0,506.74,510.07,503.46,403.18K,-0.79%,-0.007905179507113261
2024-07-18,498.55,500.92,504.49,496.42,410.75K,-1.08%,-0.010872382796566648
2024-07-19,495.89,499.0,499.82,493.58,612.27K,-0.53%,-0.005349757338955802
2024-07-22,506.02,499.94,506.84,495.78,1.17M,2.04%,0.020222066262199356
2024-07-23,546.01,549.99,571.02,537.59,1.36M,7.90%,0.07606109639745655
2024-07-24,534.2,544.87,544.87,532.46,692.55K,-2.16%,-0.02186698991964156
2024-07-25,538.21,535.29,545.54,529.61,586.39K,0.75%,0.0074785178976934825
2024-07-26,540.55,539.0,545.37,532.24,439.62K,0.43%,0.004338321165226311
2024-07-29,542.63,540.58,542.77,536.17,351.97K,0.38%,0.0038405483052370527
2024-07-30,546.26,545.2,547.67,540.0,383.85K,0.67%,0.00666736483437359
2024-07-31,540.76,548.43,549.72,538.55,407.94K,-1.01%,-0.010119495382186441
2024-08-01,547.9,542.12,555.33,542.12,599.45K,1.32%,0.013117231048165404
2024-08-02,539.85,543.2,545.84,530.42,635.05K,-1.47%,-0.014801465351220545
2024-08-05,517.43,530.0,531.47,517.28,581.93K,-4.15%,-0.04241707290333839
2024-08-06,526.11,520.2,532.21,520.2,465.55K,1.68%,0.01663606605949998
2024-08-07,524.39,530.57,537.98,523.57,336.48K,-0.33%,-0.0032746340542518207
2024-08-08,530.74,527.2,534.43,524.41,288.10K,1.21%,0.012036576848442922
2024-08-09,533.83,531.42,537.18,530.88,250.10K,0.58%,0.00580517707199323
2024-08-12,532.41,532.69,535.84,529.97,536.26K,-0.27%,-0.002663567000912256
2024-08-13,546.45,534.76,548.38,534.66,384.96K,2.64%,0.0260289429080995
2024-08-14,554.33,546.29,558.86,545.38,867.83K,1.44%,0.014317365154951965
2024-08-15,563.14,555.35,566.29,553.78,841.25K,1.59%,0.015768087800129605
2024-08-16,561.66,560.85,565.02,556.54,365.23K,-0.26%,-0.002631580466055932
2024-08-19,560.53,562.4,565.06,557.86,390.42K,-0.20%,-0.0020139198922251513
2024-08-20,563.0,561.96,571.6,557.7,359.12K,0.44%,0.00439686342020728
2024-08-21,561.64,561.89,563.54,556.6,477.12K,-0.24%,-0.0024185528932488885
2024-08-22,564.73,562.39,566.77,562.39,373.05K,0.55%,0.005486665574628613
2024-08-23,571.19,567.22,573.29,566.09,380.66K,1.14%,0.011374163048254352
2024-08-26,575.63,574.29,579.29,572.24,382.54K,0.78%,0.007743189313162671
2024-08-27,584.91,575.43,585.75,572.43,477.48K,1.61%,0.015992896059989953
2024-08-28,580.15,583.24,585.93,573.96,510.93K,-0.81%,-0.008171298448922436
2024-08-29,582.09,581.09,588.67,578.12,391.41K,0.33%,0.003338384157736431
2024-08-30,580.59,582.72,585.16,573.22,325.42K,-0.26%,-0.0025802470709211356
2024-09-03,573.47,581.53,583.4,570.26,343.45K,-1.23%,-0.012339203054070736
2024-09-04,572.94,573.5,578.13,568.39,304.39K,-0.09%,-0.0009246256361328314
2024-09-05,570.66,574.44,574.44,561.88,362.37K,-0.40%,-0.003987413467817223
2024-09-06,559.85,567.22,572.41,557.8,429.72K,-1.89%,-0.019124695016143084
2024-09-09,558.34,565.29,567.54,557.13,524.65K,-0.27%,-0.0027007948879261214
2024-09-10,562.35,560.15,565.27,555.28,405.00K,0.72%,0.0071563360317509995
2024-09-11,562.0,560.83,563.87,549.04,423.20K,-0.06%,-0.0006225819563396817
2024-09-12,559.75,560.02,562.08,554.95,386.35K,-0.40%,-0.004011594414826811
2024-09-13,561.93,562.29,565.84,560.0,390.53K,0.39%,0.0038870314970463503
2024-09-16,566.66,565.84,570.7,564.79,407.94K,0.84%,0.008382189625200062
2024-09-17,556.38,567.59,569.34,555.75,494.96K,-1.81%,-0.018307962560921
2024-09-18,551.57,553.95,558.97,550.97,466.87K,-0.86%,-0.008682756837210532
2024-09-19,555.31,559.79,560.67,551.75,449.52K,0.68%,0.006757759166245607
2024-09-20,551.41,550.72,551.53,546.65,811.57K,-0.70%,-0.007047882289280282
2024-09-23,560.16,552.46,560.96,551.49,295.64K,1.59%,0.015743823126410966
2024-09-24,560.75,561.45,561.91,553.49,423.78K,0.11%,0.0010527161939622325
2024-09-25,562.37,562.65,563.86,559.65,383.25K,0.29%,0.002884822856858165
2024-09-26,567.27,565.98,570.64,565.5,404.26K,0.87%,0.008675384604062324
2024-09-27,576.15,569.63,577.89,569.63,560.54K,1.57%,0.015532662598785404
2024-09-30,582.93,576.06,583.95,573.21,339.57K,1.18%,0.01169906707102147
2024-10-01,575.75,583.5,583.5,568.98,365.75K,-1.23%,-0.012393571830250366
2024-10-02,590.37,579.73,590.77,579.35,401.52K,2.54%,0.02507592028631356
2024-10-03,588.31,586.95,590.4,583.58,542.60K,-0.35%,-0.0034954391309587507
2024-10-04,589.72,592.0,596.72,583.84,436.07K,0.24%,0.0023938281254696787
2024-10-07,584.49,586.7,588.49,582.86,355.42K,-0.89%,-0.008908175855713508
2024-10-08,596.83,590.43,599.25,585.21,411.46K,2.11%,0.02089264359676196
2024-10-09,604.43,601.58,611.19,597.56,404.72K,1.27%,0.012653549446738537
2024-10-10,599.43,604.76,606.25,598.59,246.32K,-0.83%,-0.008306661489255204
2024-10-11,605.59,600.11,605.9,600.03,256.54K,1.03%,0.010223985757216855
2024-10-14,607.36,606.01,609.95,604.64,278.75K,0.29%,0.002918506544140656
2024-10-15,613.3,614.0,617.18,610.93,333.59K,0.98%,0.009732516650429703
2024-10-16,607.51,611.48,614.96,602.95,274.21K,-0.94%,-0.009485576647363873
2024-10-17,605.81,611.28,613.99,605.78,232.32K,-0.28%,-0.0028022304296257163
2024-10-18,608.02,606.44,610.81,603.69,267.80K,0.36%,0.003641370607040693
2024-10-21,603.81,602.75,607.71,598.81,344.01K,-0.69%,-0.00694819725097309
2024-10-22,604.08,600.0,605.27,597.72,253.69K,0.04%,0.0004470605841542119
2024-10-23,596.38,603.0,605.0,592.64,281.15K,-1.27%,-0.012828591707458906
2024-10-24,590.25,593.77,596.03,585.54,365.43K,-1.03%,-0.01033187182208895
2024-10-25,588.72,594.03,595.86,585.33,391.57K,-0.26%,-0.0025954873472787444
2024-10-28,595.27,593.07,596.58,590.4,490.87K,1.11%,0.011064395512197117
2024-10-29,578.93,609.4,631.7,573.37,1.46M,-2.74%,-0.0278335119664827
2024-10-30,569.09,582.01,588.47,565.82,747.11K,-1.70%,-0.01714297831364966
2024-10-31,571.2,570.3,577.45,569.0,545.30K,0.37%,0.003700817174966388
2024-11-01,577.95,570.65,578.93,570.19,369.47K,1.18%,0.011747948714901722
2024-11-04,589.34,577.5,590.46,575.31,387.02K,1.97%,0.019515906942414632
2024-11-05,588.32,590.42,596.6,585.1,537.86K,-0.17%,-0.0017322491297290961
2024-11-06,574.82,593.07,595.0,559.63,1.25M,-2.29%,-0.023214069242209995
2024-11-07,575.66,579.24,579.63,572.02,658.19K,0.15%,0.0014602603248472143
2024-11-08,594.0,577.47,596.71,575.63,781.47K,3.19%,0.031362110727045776
2024-11-11,597.25,594.59,602.9,594.32,441.55K,0.55%,0.005456466843273921
2024-11-12,602.64,595.91,606.01,594.15,404.38K,0.90%,0.008984217311520363
2024-11-13,610.53,605.07,621.46,604.41,583.51K,1.31%,0.013007428875127413
2024-11-14,606.14,608.41,616.97,605.04,354.51K,-0.72%,-0.00721644990266962
2024-11-15,593.86,599.44,603.72,593.35,525.04K,-2.03%,-0.02046738114225092
2024-11-18,593.12,592.36,595.22,590.14,653.25K,-0.12%,-0.0012468619452239678
2024-11-19,597.13,591.56,602.04,590.0,457.24K,0.68%,0.006738105728790591
2024-11-20,582.0,600.93,603.32,576.88,888.88K,-2.53%,-0.02566439739977495
2024-11-21,581.34,587.99,587.99,580.02,685.58K,-0.11%,-0.001134664106469973
2024-11-22,589.57,579.23,590.61,578.88,437.01K,1.42%,0.014057674001761505
2024-11-25,592.73,592.75,596.55,589.59,575.64K,0.54%,0.005345525712006971
2024-11-26,601.96,593.69,603.07,592.46,362.34K,1.56%,0.015452014579781615
2024-11-27,604.96,604.2,607.41,601.18,345.54K,0.50%,0.0049713422241049595
2024-11-29,609.63,605.17,611.08,605.17,204.35K,0.77%,0.007689875617338648
2024-12-02,608.97,608.01,610.06,601.76,347.26K,-0.11%,-0.0010832103471753469
2024-12-03,608.1,608.58,613.64,607.17,307.88K,-0.14%,-0.0014296632867220862
2024-12-04,615.93,605.82,617.48,605.82,371.92K,1.29%,0.012793978586718465
2024-12-05,609.91,610.26,616.39,608.72,401.96K,-0.98%,-0.00982191541427387
2024-12-06,617.18,609.17,619.75,609.17,484.45K,1.19%,0.011849310258463542
2024-12-09,618.5,618.54,620.97,612.23,323.88K,0.21%,0.002136476275570409
2024-12-10,629.01,617.9,635.74,617.33,483.95K,1.70%,0.016849962992714452
2024-12-11,629.61,631.51,638.76,629.03,455.14K,0.10%,0.0009534252521826059
2024-12-12,635.99,638.94,642.45,634.06,430.38K,1.01%,0.010082259868630507
2024-12-13,625.1,635.0,636.22,620.32,380.86K,-1.71%,-0.0172712030083033
2024-12-16,618.38,625.04,627.29,617.03,506.65K,-1.08%,-0.010808481714072957
2024-12-17,611.5,617.67,619.44,610.39,555.06K,-1.11%,-0.011188200096466617
2024-12-18,597.9,619.06,620.3,597.3,715.46K,-2.22%,-0.022491439240368314
2024-12-19,600.58,596.19,606.2,593.26,508.48K,0.45%,0.004472339074612832
2024-12-20,604.8,597.48,606.74,596.16,828.47K,0.70%,0.007001969903851628
2024-12-23,605.42,601.67,607.1,598.96,302.95K,0.10%,0.0010246071858681374
2024-12-24,607.91,607.31,607.91,602.99,157.41K,0.41%,0.004104412642209842
2024-12-26,610.97,604.86,613.56,604.86,221.12K,0.50%,0.0050210134364240275
2024-12-27,609.59,607.0,611.93,603.33,245.46K,-0.23%,-0.00226125809141388
2024-12-30,599.65,602.07,602.26,595.07,358.42K,-1.63%,-0.016440448360681145
2024-12-31,600.01,601.23,606.23,598.13,223.96K,0.06%,0.0006001700661957427
2025-01-02,597.13,601.5,603.76,595.09,390.34K,-0.48%,-0.004811476612712962
2025-01-03,601.48,597.88,602.94,595.94,243.76K,0.73%,0.00725843952290675
2025-01-06,596.66,601.48,604.93,596.54,359.57K,-0.80%,-0.008045847734206489
2025-01-07,591.33,594.51,597.7,588.05,445.40K,-0.89%,-0.008973199712965044
2025-01-08,602.23,588.05,602.3,586.11,417.30K,1.84%,0.01826519493627633
2025-01-10,575.73,589.53,595.0,573.7,447.95K,-4.40%,-0.045000631344958596
2025-01-13,580.52,574.0,581.67,570.25,410.44K,0.83%,0.008285452803896287
2025-01-14,585.8,582.67,587.47,579.46,446.89K,0.91%,0.009054180791470912
2025-01-15,601.0,596.67,602.71,593.32,504.14K,2.59%,0.025616500141574454
2025-01-16,609.97,603.44,610.89,598.74,425.39K,1.49%,0.014814841094888677
2025-01-17,612.02,612.76,617.19,609.02,311.72K,0.34%,0.0033551860868208674
2025-01-21,617.38,604.96,618.61,604.96,676.08K,0.88%,0.008719755916502791
2025-01-22,613.0,615.94,618.76,611.29,406.66K,-0.71%,-0.007119781697208606
2025-01-23,615.96,615.37,615.99,609.77,574.31K,0.48%,0.004817090424000869
2025-01-24,620.72,613.38,622.97,612.2,369.26K,0.77%,0.007698068225481772
2025-01-27,623.73,615.97,625.44,613.07,400.45K,0.48%,0.004837487837712953
2025-01-28,628.34,622.54,634.99,619.33,514.80K,0.74%,0.007363838813883852
2025-01-29,593.05,595.95,618.19,572.27,1.06M,-5.62%,-0.05780270876200584
2025-01-30,590.73,593.5,603.75,585.06,503.13K,-0.39%,-0.003919652250096163
2025-01-31,596.77,590.85,597.09,586.04,735.90K,1.02%,0.010172719304364784
2025-02-03,582.43,587.19,592.95,581.38,604.48K,-2.40%,-0.02432277298471151
2025-02-04,584.47,580.2,589.47,578.8,855.71K,0.35%,0.0034964471304720504
2025-02-05,582.12,586.17,588.18,575.21,825.68K,-0.40%,-0.004028841630188239
2025-02-06,587.48,587.08,587.75,579.48,570.22K,0.92%,0.009165590840536206
2025-02-07,579.39,587.42,588.06,577.52,549.45K,-1.38%,-0.01386637693304404
2025-02-10,583.48,582.05,583.83,575.59,547.42K,0.71%,0.007034349265394749
2025-02-11,577.31,574.49,582.22,569.15,728.88K,-1.06%,-0.010630791284866388
2025-02-12,572.53,572.24,573.43,567.05,634.53K,-0.83%,-0.008314248130950061
2025-02-13,572.3,575.13,576.27,568.3,784.52K,-0.04%,-0.00040180638713946973
2025-02-14,572.63,573.86,578.86,571.44,453.88K,0.06%,0.0005764544716938739
2025-02-18,572.69,572.66,575.69,561.71,748.23K,0.01%,0.00010477421167004211
2025-02-19,574.73,571.09,576.33,567.4,608.99K,0.36%,0.0035558072012681612
2025-02-20,574.35,574.1,575.5,568.02,736.99K,-0.07%,-0.0006613987082753819
2025-02-21,578.34,573.19,579.52,571.34,565.17K,0.69%,0.006922964432518484
2025-02-24,573.55,578.31,582.94,568.88,627.03K,-0.83%,-0.0083168142966552
2025-02-25,584.54,580.53,586.54,578.64,723.40K,1.92%,0.018980096402761246
2025-02-26,579.44,583.41,587.0,577.88,397.16K,-0.87%,-0.00876309324296722
2025-02-27,581.27,579.6,589.0,579.6,456.15K,0.32%,0.0031532450246834487
2025-02-28,590.51,585.29,590.51,580.65,570.66K,1.59%,0.015771205383286795
2025-03-03,588.76,590.51,598.71,585.95,507.51K,-0.30%,-0.0029679399706550825
2025-03-04,567.62,586.59,586.59,560.66,674.84K,-3.59%,-0.036566449577526756
2025-03-05,572.99,567.85,574.56,561.59,614.79K,0.95%,0.009416083808611494
2025-03-06,566.28,566.07,573.59,561.72,649.02K,-1.17%,-0.011779609029174317
2025-03-07,561.89,565.32,566.92,553.35,710.38K,-0.78%,-0.007782554327497686
2025-03-10,545.34,555.0,556.5,539.51,819.73K,-2.95%,-0.029896647840064672
2025-03-11,541.72,543.2,549.23,535.91,846.60K,-0.66%,-0.00666019057156349
2025-03-12,545.07,545.21,549.17,538.5,662.89K,0.62%,0.006164963995288301
2025-03-13,541.46,544.02,547.32,537.13,650.78K,-0.66%,-0.006645031952586947
2025-03-14,554.71,547.12,556.69,544.42,405.77K,2.45%,0.02417625983157347
2025-03-17,565.97,552.7,569.09,552.1,343.07K,2.03%,0.02009561860343183
2025-03-18,568.7,566.47,571.51,564.84,555.18K,0.48%,0.004811981047876971
2025-03-19,570.41,567.85,573.68,562.08,522.05K,0.30%,0.0030023461904584354
2025-03-20,565.99,565.33,571.94,562.52,580.55K,-0.77%,-0.007778990300630612
2025-03-21,562.56,561.97,563.72,554.75,822.85K,-0.61%,-0.0060786151458244115
2025-03-24,566.79,569.86,574.04,565.2,476.97K,0.75%,0.007491069696578815
2025-03-25,574.61,569.06,576.54,564.2,409.81K,1.38%,0.013702685051483917
2025-03-26,569.47,574.73,578.93,565.55,455.20K,-0.89%,-0.00898544609263957
2025-03-27,565.77,570.24,571.0,563.88,453.91K,-0.65%,-0.0065184685197971345
2025-03-28,558.47,566.06,569.57,555.07,390.03K,-1.29%,-0.012986733434709862
2025-03-31,565.5,554.09,567.28,550.05,569.44K,1.26%,0.01250939379850152
2025-04-01,567.3,564.18,570.4,560.71,550.13K,0.32%,0.003177968776346193
2025-04-02,575.96,561.97,576.72,561.29,481.96K,1.53%,0.015149949507548322
2025-04-03,544.18,561.58,564.21,543.67,631.68K,-5.52%,-0.05675813936067945
2025-04-04,507.44,533.09,533.26,507.14,1.19M,-6.75%,-0.06990159715374858
2025-04-07,506.56,497.28,521.35,486.73,1.09M,-0.17%,-0.001735700632994367
2025-04-08,506.97,523.4,531.66,496.85,852.93K,0.08%,0.0008090535501947642
2025-04-09,549.33,500.0,550.92,495.28,935.76K,8.36%,0.08024752357889021
2025-04-10,527.77,537.49,538.31,509.83,525.83K,-3.92%,-0.04003877107995829
2025-04-11,541.7,524.02,546.04,521.66,464.56K,2.64%,0.02605175992207947
2025-04-14,551.25,551.35,557.89,547.74,484.22K,1.76%,0.017476084097202436
2025-04-15,556.57,553.91,562.02,552.31,361.99K,0.97%,0.009604522207649695
2025-04-16,542.56,551.27,556.16,538.75,418.66K,-2.52%,-0.025494270591377145
2025-04-17,546.89,547.53,555.03,543.0,508.69K,0.80%,0.007949006929822724
2025-04-21,533.48,539.27,542.68,525.77,917.27K,-2.45%,-0.024826103552957227
2025-04-22,538.48,521.65,540.61,516.29,818.36K,0.94%,0.009328773948263886
2025-04-23,533.41,548.21,559.99,531.79,940.92K,-0.94%,-0.009459996473736002
2025-04-24,530.6,535.91,538.43,529.0,689.68K,-0.53%,-0.005281917525082301
2025-04-25,535.36,532.97,537.75,528.67,504.54K,0.90%,0.008930976094819845
2025-04-28,534.95,534.68,539.2,529.43,433.22K,-0.08%,-0.0007661332138435567
2025-04-29,540.46,536.53,542.9,531.41,350.52K,1.03%,0.010247344205685164
2025-04-30,545.11,536.99,546.53,531.27,600.76K,0.86%,0.008566980369413014
2025-05-01,546.07,543.0,552.29,539.67,430.39K,0.18%,0.0017595634958212742
2025-05-02,555.82,554.5,558.72,550.65,389.90K,1.79%,0.017697328172420288
2025-05-05,550.41,552.37,557.86,549.49,328.46K,-0.97%,-0.00978104576921746
2025-05-06,545.17,545.57,550.91,542.39,438.27K,-0.95%,-0.009565782428978672
2025-05-07,552.67,545.59,554.31,545.59,339.76K,1.38%,0.013663405742270656
2025-05-08,557.98,554.29,563.17,552.91,526.06K,0.96%,0.00956204107302379
2025-05-09,556.56,559.26,561.13,554.72,379.90K,-0.25%,-0.0025481378296679357
2025-05-12,568.97,569.62,569.97,558.41,431.56K,2.23%,0.02205272704365341
2025-05-13,563.87,569.13,574.54,562.29,512.78K,-0.90%,-0.009003980183271424
2025-05-14,566.58,564.67,567.74,561.57,445.15K,0.48%,0.004794560027265081
2025-05-15,575.41,565.68,576.77,565.68,608.31K,1.56%,0.015464541677857293
2025-05-16,572.22,574.71,578.43,567.82,786.87K,-0.55%,-0.005559297362014087
2025-05-19,572.65,568.06,575.05,567.79,284.02K,0.08%,0.0007511770248490309
2025-05-20,571.21,569.29,574.18,567.29,508.00K,-0.25%,-0.0025177919687951788
2025-05-21,560.1,567.91,570.68,559.46,509.42K,-1.95%,-0.0196415786591434
2025-05-22,563.88,559.52,566.8,556.44,435.58K,0.67%,0.006726123686937881
2025-05-23,558.67,558.12,562.2,556.66,226.49K,-0.92%,-0.009282503959493905
2025-05-27,566.59,563.76,568.05,560.2,433.48K,1.42%,0.014076979162245226
2025-05-28,562.68,566.1,569.54,562.49,359.49K,-0.69%,-0.006924855215980927
2025-05-29,566.0,565.0,567.23,560.74,531.85K,0.59%,0.005882995313687805
2025-05-30,564.02,566.0,566.0,556.89,631.88K,-0.35%,-0.003504366340942442
2025-06-02,564.2,557.65,564.36,544.55,299.09K,0.03%,0.0003190867056555217
2025-06-03,566.41,562.6,567.37,554.38,338.55K,0.39%,0.00390939902299137
2025-06-04,566.91,568.19,569.72,565.35,264.64K,0.09%,0.0008823633791694405
2025-06-05,564.07,568.93,568.93,561.15,348.32K,-0.50%,-0.00502220369826086
2025-06-06,568.64,566.4,569.75,564.56,251.40K,0.81%,0.00806918769449044
2025-06-09,558.0,567.78,569.22,557.3,526.49K,-1.87%,-0.018888582584975604
2025-06-10,557.84,558.96,563.26,556.09,500.38K,-0.03%,-0.00028677946855564456
2025-06-11,554.42,557.62,560.59,553.03,566.70K,-0.61%,-0.006149660651675363
2025-06-12,555.19,552.25,555.25,547.85,410.98K,0.14%,0.001387875241927879
2025-06-13,542.73,549.64,550.99,540.34,465.52K,-2.24%,-0.02269843880172826
2025-06-16,547.37,546.27,551.77,545.82,375.49K,0.85%,0.008513031872968252
2025-06-17,548.55,543.5,549.3,543.5,414.82K,0.22%,0.00215344268925212
2025-06-18,543.72,547.28,550.68,540.86,551.60K,-0.88%,-0.00884402479645266
2025-06-20,544.78,546.0,547.52,541.47,666.14K,0.19%,0.0019476349748703127
2025-06-23,555.12,543.66,555.56,539.65,867.34K,1.90%,0.018802263149375848
2025-06-24,575.69,561.35,577.58,560.36,672.29K,3.71%,0.03638501478153912
2025-06-25,569.99,574.14,574.47,560.35,562.22K,-0.99%,-0.009950504557781237
2025-06-26,565.69,570.75,571.57,564.33,584.46K,-0.75%,-0.007572591836256152
2025-06-27,576.41,569.57,577.49,568.14,879.94K,1.90%,0.018772988059229122
2025-06-30,576.74,575.82,579.07,569.43,584.62K,0.06%,0.0005723453306308235
2025-07-01,581.34,574.4,583.63,570.0,456.83K,0.80%,0.007944225256312661
2025-07-02,582.85,577.36,586.34,577.36,466.75K,0.26%,0.002594079740873591
2025-07-03,587.74,586.5,589.55,580.0,268.23K,0.84%,0.008354809873017005
2025-07-07,588.0,587.79,590.48,583.18,373.75K,0.04%,0.0004422746597685378
2025-07-08,580.97,591.36,593.27,577.1,541.08K,-1.20%,-0.012027827491730035
2025-07-09,581.81,582.85,586.35,579.45,349.94K,0.14%,0.0014448135436177228
2025-07-10,580.66,580.92,586.88,579.83,332.33K,-0.20%,-0.0019785463283413535
2025-07-11,565.56,576.56,578.79,563.31,635.35K,-2.60%,-0.02634899689853362
2025-07-14,570.66,565.61,576.55,562.93,519.96K,0.90%,0.008977194998709382
2025-07-15,563.13,571.51,576.06,563.11,403.32K,-1.32%,-0.013283078375857639
2025-07-16,572.13,564.8,573.39,558.64,841.26K,1.60%,0.015855730938045286
2025-07-17,580.18,575.0,581.82,569.41,647.02K,1.41%,0.013972161936519666
2025-07-18,577.94,580.63,584.56,576.77,584.88K,-0.39%,-0.0038683431652918312
2025-07-21,577.97,582.58,582.95,574.57,1.07M,0.01%,5.190715541301742e-05
2025-07-22,526.48,565.01,571.53,525.34,2.46M,-8.91%,-0.09330862006331372
2025-07-23,530.86,534.77,538.99,525.0,1.93M,0.83%,0.008284988847392543
2025-07-24,543.31,532.31,547.87,531.79,1.25M,2.35%,0.02318172643001223
2025-07-25,546.29,546.49,551.42,544.5,998.98K,0.55%,0.005469910848221188
2025-07-28,552.79,542.46,556.91,541.12,1.67M,1.19%,0.011828212291313074
2025-07-29,557.21,557.61,561.0,552.88,1.16M,0.80%,0.007964006057047895
2025-07-30,559.15,555.07,563.78,554.63,994.53K,0.35%,0.003475584852346436
2025-07-31,561.36,556.48,569.99,556.48,1.10M,0.40%,0.003944637469835896
2025-08-01,557.4,559.14,563.61,552.39,1.05M,-0.71%,-0.0070792958961855305
2025-08-04,572.04,560.51,573.29,560.51,863.39K,2.63%,0.025925803956886793
2025-08-05,557.73,572.15,575.96,557.62,1.09M,-2.50%,-0.025333944694498966
2025-08-06,548.3,559.23,562.66,542.26,1.06M,-1.69%,-0.017052391900232864
2025-08-07,545.49,553.09,555.0,541.5,499.70K,-0.51%,-0.005138109110589636
2025-08-08,546.68,546.81,550.0,545.0,608.73K,0.22%,0.002179148797186448
2025-08-11,549.39,547.16,555.71,547.16,588.01K,0.50%,0.0049449497243672196
2025-08-12,550.16,550.01,554.08,547.52,589.47K,0.14%,0.0014005731906136163
2025-08-13,567.43,554.0,567.89,552.49,542.96K,3.14%,0.03090824871836343
2025-08-14,565.72,564.21,566.6,560.3,362.93K,-0.30%,-0.003018137577645064
2025-08-15,557.02,564.26,566.85,555.96,372.33K,-1.54%,-0.015498110226914304
2025-08-18,555.67,556.02,561.73,555.02,709.96K,-0.24%,-0.002426553060453367
2025-08-19,568.16,556.0,570.01,555.33,685.21K,2.25%,0.022228476329846227
2025-08-20,574.25,567.63,574.41,562.6,577.29K,1.07%,0.01066177237442988
2025-08-21,567.27,570.61,572.12,565.98,535.64K,-1.22%,-0.012229460707969531
2025-08-22,574.83,571.12,580.23,566.69,380.11K,1.33%,0.013238964048479107
2025-08-25,573.72,573.46,577.45,569.93,532.53K,-0.19%,-0.0019328724837048403
2025-08-26,571.43,572.88,572.91,562.93,425.11K,-0.40%,-0.003999481382423062
2025-08-27,570.15,571.49,575.27,569.71,333.06K,-0.22%,-0.002242506940221919
2025-08-28,568.55,571.05,572.13,568.39,521.74K,-0.28%,-0.0028102240326356525
2025-08-29,567.72,568.8,571.64,565.53,499.01K,-0.15%,-0.0014609206396746486
2025-09-02,553.91,560.66,565.79,548.0,845.44K,-2.43%,-0.02462612075464182
2025-09-03,551.61,552.6,558.44,549.09,898.66K,-0.42%,-0.004160943842555435
2025-09-04,557.19,554.1,557.59,551.0,590.63K,1.01%,0.010065020033500412
2025-09-05,555.15,558.36,561.59,554.0,626.84K,-0.37%,-0.0036679473670856587
2025-09-08,574.58,557.73,576.16,554.91,922.81K,3.50%,0.03440099161700592
2025-09-09,569.16,571.99,574.5,567.9,671.18K,-0.94%,-0.009477749439790047
2025-09-10,563.18,571.77,571.77,558.98,648.75K,-1.05%,-0.010562296827837851
2025-09-11,585.48,565.71,585.84,564.8,477.04K,3.96%,0.03883273076609333
2025-09-12,583.25,584.07,585.45,576.34,722.14K,-0.38%,-0.0038161127142068386
2025-09-15,576.61,584.15,584.34,574.95,1.26M,-1.14%,-0.011449782802187655
2025-09-16,567.02,576.15,580.04,562.9,566.60K,-1.66%,-0.0167715516250836
2025-09-17,578.64,568.81,585.4,568.81,875.45K,2.05%,0.02028594606675708
2025-09-18,555.98,579.31,579.99,548.09,1.60M,-3.92%,-0.03994820016044436
2025-09-19,559.75,557.96,562.79,555.0,1.24M,0.68%,0.0067579330982833405
2025-09-22,568.06,559.0,571.73,557.0,838.72K,1.48%,0.014736791466246641
2025-09-23,568.94,566.0,570.97,565.62,650.82K,0.15%,0.001547933466515207
2025-09-24,566.42,566.0,567.93,558.32,710.88K,-0.44%,-0.0044391279210622995
2025-09-25,564.66,564.0,566.64,559.05,484.85K,-0.31%,-0.003112072391812531
2025-09-26,565.42,565.82,572.79,564.13,579.93K,0.13%,0.0013450377222462818
2025-09-29,568.9,566.85,571.37,563.84,507.81K,0.62%,0.006135853935603945
2025-09-30,567.41,566.64,571.87,562.86,460.72K,-0.26%,-0.0026225252861867446
2025-10-01,552.4,567.22,568.34,550.2,292.84K,-2.65%,-0.02680972493527798
