commit_drift_accepted,draw,model,mean_diff,std_diff,skewness_diff,kurtosis_diff,wasserstein,energy_distance,quantile_mse,acf_returns_mae,acf_absolute_mae,acf_squared_mae,tail_index_diff,extreme_events_diff,arch_pvalue_diff,arch_stat_diff,hurst_diff,resid_kurtosis_diff,discriminative_auc_dist,discriminative_auc_raw,discriminative_auc_absz,mean_diff_rank,std_diff_rank,wasserstein_rank,energy_distance_rank,quantile_mse_rank,acf_returns_mae_rank,acf_absolute_mae_rank,acf_squared_mae_rank,tail_index_diff_rank,extreme_events_diff_rank,hurst_diff_rank,resid_kurtosis_diff_rank,discriminative_auc_dist_rank,discriminative_auc_absz_rank,fidelity_rank,temporal_rank,composite_rank,avg_rank
True,0,GARCH,0.00015251525,0.0026002396,0.68775904,11.225494,0.0013654975708989635,6.097182631492615e-05,1.3095891306897294e-05,0.04344202606720501,0.05286147275357507,0.04762224605452502,1.1098938,0.0,0.0013652301120192151,65.43268669606196,0.04536209675420211,11.513410208563688,0.03153580662381328,0.4684641933761867,0.4781665526500719,1.0,2.0,2.0,1.0,2.0,1.0,1.0,2.0,2.0,2.0,2.0,4.0,2.0,2.0,1.7142857142857142,2.0,1.8571428571428572,1.8571428571428572
True,0,GJR-GARCH,0.00015413138,0.0025966,0.6956323,11.199689,0.0013649312314750208,6.112363189458847e-05,1.295068826973141e-05,0.04347411108450615,0.052894173096865414,0.04757777400340274,1.1239326,0.0,0.0014098218354541025,65.50719964677661,0.04441342324807984,11.483079440984675,0.034069121261097735,0.46593087873890227,0.49594199267314704,2.0,1.0,1.0,2.0,1.0,2.0,2.0,1.0,3.0,2.0,1.0,3.0,3.0,3.0,1.7142857142857142,2.142857142857143,1.9285714285714284,1.9285714285714286
True,0,QuantGAN,0.00096234033,0.0032694396,0.10659441,8.469856,0.0023207979073090676,0.00013551488518714905,0.00010099932722504471,0.05843996728057391,0.2006760859140195,0.1650160883704666,0.81929326,2.469135802469135,6.769465846634419e-14,14.364916532957665,0.06674541003850576,8.308700890903918,0.005269087805010009,0.49473091219499,0.29386157998899537,4.0,3.0,3.0,3.0,5.0,4.0,4.0,4.0,1.0,5.0,4.0,1.0,1.0,1.0,3.4285714285714284,2.7142857142857144,3.071428571428571,3.0714285714285716
True,0,CNN-WGAN-GP,0.00076241366,0.0038860682,0.47509542,8.818824,0.003590657589770505,0.00041203200817108154,6.589439383825293e-05,0.051673929260723526,0.06479730480466969,0.06355133349934476,1.168709,1.0288065843621395,0.020325145881818572,71.87973725404794,0.05734735159257798,10.94062691049356,0.24561417750914516,0.7456141775091452,1.4665042149859884,3.0,4.0,4.0,4.0,3.0,3.0,3.0,3.0,4.0,4.0,3.0,2.0,4.0,4.0,3.7142857142857144,3.142857142857143,3.428571428571429,3.4285714285714284
True,0,TimeGAN,0.0013333629,0.0055705616,0.31525594,13.177956,0.006742420504187866,0.0019091349095106125,9.315813430542056e-05,0.10935218859012821,0.4664379343041219,0.35082364368834534,5.8279095,0.0,6.743273658685542e-17,78.79614800121418,0.10190182423195782,13.718603837690026,0.4193083445878628,0.9193083445878628,2.6852593604484256,5.0,5.0,5.0,5.0,4.0,5.0,5.0,5.0,5.0,2.0,5.0,5.0,5.0,5.0,4.428571428571429,5.0,4.714285714285714,4.714285714285714
True,0,CONTROL: shuffled real,5.820766e-11,0.0,5.9604645e-08,0.0,0.0,0.0,0.0,0.046350483982096194,0.07598293550428935,0.045030715017346665,0.0,0.0,0.9490790116835569,84.0725083076581,0.0805816226377506,0.7719062153596497,0.08538313370381029,0.4146168662961897,0.8559956303438748,,,,,,,,,,,,,,,,,,
True,1,CNN-WGAN-GP,0.0007505618,0.0001819497,0.3269343,10.11121,0.0016328560310273736,9.112711995840073e-05,2.0739808446807944e-05,0.052582927421753994,0.05436363558139419,0.05509315494506154,1.2649138,1.0288065843621395,1.0080920037334208e-09,34.55285887479885,0.0029377940233634714,11.853647495509577,0.020998615016371347,0.47900138498362865,0.40423052643640295,5.0,1.0,3.0,3.0,3.0,2.0,1.0,1.0,2.0,3.0,1.0,2.0,1.0,3.0,2.857142857142857,1.5714285714285714,2.2142857142857144,2.2142857142857144
True,1,GARCH,7.018476e-05,0.00096251443,0.31698394,11.889616,0.0013887650047333196,8.22804868221283e-05,1.9188603791659726e-06,0.05904606067328132,0.056532255814527164,0.06611554741684814,2.4505324,1.4403292181069958,0.7589986171938704,82.61239374323112,0.11084288850135726,12.262705758196862,0.08167270598248977,0.5816727059824898,0.3161805435684897,1.0,2.0,2.0,2.0,1.0,3.0,2.0,2.0,3.0,4.0,5.0,5.0,3.0,2.0,2.142857142857143,3.142857142857143,2.642857142857143,2.642857142857143
True,1,GJR-GARCH,7.090793e-05,0.0009823097,0.31815302,11.882784,0.0013801398955410509,8.092354983091354e-05,1.931711227009338e-06,0.059079155118524795,0.05670261669787578,0.06632470866199583,2.4561381,1.6460905349794235,0.7540307092314493,82.57977289638234,0.11071836391816803,12.26263831836037,0.0783453012646893,0.5783453012646893,0.2928332332410366,2.0,3.0,1.0,1.0,2.0,4.0,3.0,3.0,4.0,5.0,4.0,4.0,2.0,1.0,2.5714285714285716,3.0,2.7857142857142856,2.7857142857142856
True,1,QuantGAN,0.00031646717,0.0022472702,0.1334534,9.116085,0.002422947299546202,0.000211409293115139,3.495451746900979e-05,0.04741151643262129,0.0906657849275507,0.07884431179263629,0.8500166,0.8230452674897117,7.856871866621078e-05,58.94304087359738,0.08620317766127983,11.87828458730132,0.11721192709524897,0.617211927095249,0.565547631280036,3.0,4.0,4.0,4.0,4.0,1.0,4.0,4.0,1.0,1.5,3.0,3.0,4.0,4.0,3.0714285714285716,3.2857142857142856,3.178571428571429,3.1785714285714284
True,1,TimeGAN,0.0004358366,0.0029565059,0.45353535,12.610229,0.004875484231355204,0.0010563787072896957,4.427712249639944e-05,0.10513351795481868,0.3206604948290624,0.26016534316935575,3.38202,0.8230452674897117,6.743273658623613e-17,52.23472653612437,0.05259047060941169,11.654210044420726,0.3403017935906991,0.8403017935906991,2.1308962394957485,4.0,5.0,5.0,5.0,5.0,5.0,5.0,5.0,5.0,1.5,2.0,1.0,5.0,5.0,4.357142857142857,4.0,4.178571428571429,4.178571428571429
True,1,CONTROL: shuffled real,5.820766e-11,0.0,5.9604645e-08,0.0,0.0,0.0,0.0,0.046350483982096194,0.07598293550428935,0.045030715017346665,0.0,0.0,0.9490790116835569,84.0725083076581,0.0805816226377506,0.7719062153596497,0.08538313370381029,0.4146168662961897,0.8559956303438748,,,,,,,,,,,,,,,,,,
True,2,CNN-WGAN-GP,0.00064912264,0.002637636,0.19648102,10.466793,0.0032316075501590998,0.0003544287756085396,4.078988652688749e-05,0.04324142338809907,0.1135885911458172,0.10591296956059523,1.7888904,1.234567901234568,7.38279031404536e-06,53.704713646294195,0.08656545720998365,12.464086082118335,0.19929373214957824,0.6992937321495782,1.1414888038668607,3.0,1.0,1.0,1.0,1.0,1.0,4.0,4.0,3.0,2.0,3.0,4.0,1.0,1.0,1.7142857142857142,2.5714285714285716,2.142857142857143,2.142857142857143
True,2,QuantGAN,0.0003635167,0.0033770856,0.4227949,10.364208,0.003406301284453567,0.0003755958750844002,5.2112588091952e-05,0.0523127332261356,0.10673950935015455,0.1007696876314003,2.3329687,2.674897119341564,5.3061616103668e-17,3.1998743592876764,0.09000251862443931,12.456868167828441,0.25384412907161824,0.7538441290716182,1.5242510926294097,2.0,2.0,2.0,2.0,2.0,2.0,3.0,3.0,4.0,5.0,4.0,3.0,2.0,2.0,2.7142857142857144,2.7142857142857144,2.7142857142857144,2.7142857142857144
True,2,GJR-GARCH,0.0013277407,0.025278106,0.91986793,8.034145,0.01672263662967939,0.004043608903884888,0.0019955071418700874,0.054652790629916126,0.08851437437115237,0.06425605696975253,0.8070655,2.2633744855967075,2.736456514618123e-07,46.533872857405356,0.0019259660939692225,7.6620454649367264,0.38027173231193867,0.8802717323119387,2.411352223134233,4.0,4.0,4.0,4.0,4.0,3.0,2.0,2.0,2.0,3.5,2.0,1.0,3.0,3.0,3.642857142857143,2.2857142857142856,2.9642857142857144,2.9642857142857144
True,2,GARCH,0.0013993236,0.027265713,0.91138023,8.071812,0.018074253160262867,0.004542306065559387,0.0023183028069473487,0.054665956809330965,0.08788998402887956,0.06398206328158267,0.7971699,2.2633744855967075,3.014895043016165e-07,46.74312273265812,0.0015543402982126642,7.812200859859322,0.39291641144099787,0.8929164114409979,2.5000757998118437,5.0,5.0,5.0,5.0,5.0,4.0,1.0,1.0,1.0,3.5,1.0,2.0,4.0,4.0,4.214285714285714,2.4285714285714284,3.321428571428571,3.3214285714285716
True,2,TimeGAN,0.00015844248,0.0068702167,0.2977109,12.88965,0.007623281888522667,0.0021033845841884613,0.0001175957913661049,0.07929313090382493,0.34052397068822754,0.20568740594782867,4.4592667,0.8230452674897122,6.743273577263312e-17,37.53786741672069,0.102355309617991,12.789114292034162,0.42448838015955614,0.9244883801595561,2.721605975380052,1.0,3.0,3.0,3.0,3.0,5.0,5.0,5.0,5.0,1.0,5.0,5.0,5.0,5.0,2.7142857142857144,5.0,3.857142857142857,3.857142857142857
True,2,CONTROL: shuffled real,5.820766e-11,0.0,5.9604645e-08,0.0,0.0,0.0,0.0,0.046350483982096194,0.07598293550428935,0.045030715017346665,0.0,0.0,0.9490790116835569,84.0725083076581,0.0805816226377506,0.7719062153596497,0.08538313370381029,0.4146168662961897,0.8559956303438748,,,,,,,,,,,,,,,,,,
True,3,QuantGAN,4.337565e-05,0.0015457952,0.3784075,8.66589,0.001904957656657315,0.00012506172060966492,3.517162078974393e-05,0.04383831357044983,0.05909361355239526,0.04518533879541792,0.3132484,0.4115226337448554,2.059992812220994e-09,36.069740133385366,0.029519336187330714,8.644452424758118,0.15066776874955412,0.6506677687495541,0.8002963269197813,1.0,1.0,1.0,1.0,1.0,1.0,1.0,1.0,1.0,1.0,4.0,3.0,1.0,1.0,1.0,1.7142857142857142,1.3571428571428572,1.3571428571428572
True,3,CNN-WGAN-GP,0.00034384872,0.004564164,0.59628177,8.863264,0.003860930874639747,0.0004262402653694153,0.00010126603527610703,0.061705006231350126,0.12039118338609114,0.09220363081782125,0.48553014,0.617283950617284,7.498753529559029e-11,29.058408670661173,0.02192445451376046,11.903987110245794,0.22239319267016477,0.7223931926701648,1.3035701612339887,2.0,2.0,2.0,2.0,3.0,2.0,2.0,4.0,2.0,2.5,3.0,5.0,4.0,4.0,2.2142857142857144,3.4285714285714284,2.821428571428571,2.8214285714285716
True,3,GJR-GARCH,0.00040628604,0.010299134,1.8656574,2.6798563,0.006443982151163048,0.0008662119507789612,0.0003203946948357537,0.07291614831759943,0.12930463575059548,0.07562784689012915,0.89850926,1.6460905349794235,2.687128447568367e-07,46.49460110243741,0.020171733894628674,4.241054638742781,0.19377273968457798,0.693772739684578,1.102749805960679,4.0,5.0,3.0,3.0,5.0,4.0,4.0,2.0,3.0,4.5,1.0,1.0,2.0,2.0,3.9285714285714284,2.2857142857142856,3.1071428571428568,3.107142857142857
True,3,GARCH,0.00039808167,0.010258193,1.8220309,3.0463257,0.006455243085885231,0.0008721910417079926,0.0003192366751948253,0.07270897846137814,0.12901907943421975,0.0768120889259444,1.0209711,1.6460905349794235,2.0472781511426898e-07,45.9078190083725,0.020528847808647943,4.404178841099226,0.19623545213688465,0.6962354521368846,1.1200298535496285,3.0,4.0,4.0,4.0,4.0,3.0,3.0,3.0,4.0,4.5,2.0,2.0,3.0,3.0,3.9285714285714284,2.7142857142857144,3.321428571428571,3.3214285714285716
True,3,TimeGAN,0.0010076636,0.0059089987,0.30765927,12.936724,0.0068851579772113095,0.0019550397992134094,9.470403782166552e-05,0.09444917507717036,0.3123911001929082,0.22350324798026122,4.326439,0.617283950617284,6.743273658685541e-17,75.48609328308093,0.03872836008746383,11.221133448245348,0.35845664115639975,0.8584566411563997,2.258282865413683,5.0,3.0,5.0,5.0,2.0,5.0,5.0,5.0,5.0,2.5,5.0,4.0,5.0,5.0,3.9285714285714284,4.857142857142857,4.392857142857142,4.392857142857143
True,3,CONTROL: shuffled real,5.820766e-11,0.0,5.9604645e-08,0.0,0.0,0.0,0.0,0.046350483982096194,0.07598293550428935,0.045030715017346665,0.0,0.0,0.9490790116835569,84.0725083076581,0.0805816226377506,0.7719062153596497,0.08538313370381029,0.4146168662961897,0.8559956303438748,,,,,,,,,,,,,,,,,,
True,4,QuantGAN,0.00035997358,0.00035380851,0.12225258,7.521757,0.0008153024028660544,2.5944784283638e-05,4.6872312591470625e-06,0.05057828357428661,0.1047647742764093,0.08544924313551747,0.36885786,0.8230452674897117,2.2619801531548835e-09,36.268484968638106,0.029310782308194283,10.520621732067784,0.10065829772474,0.39934170227526,0.9631764589312491,3.0,3.0,1.0,1.0,1.0,4.0,4.0,4.0,1.0,4.0,1.0,1.0,2.0,2.0,2.0,2.5714285714285716,2.2857142857142856,2.2857142857142856
True,4,CNN-WGAN-GP,0.00041865063,0.00030199718,0.3367575,8.59476,0.0014864090477454495,9.540747851133347e-05,8.924967967971029e-06,0.048393422652588926,0.05663961827289313,0.06759802027489059,0.5203669,0.0,2.268241152621407e-05,56.179201023143065,0.039206522156185364,12.273941967194675,0.016085736144628715,0.5160857361446287,0.14402176667349326,4.0,2.0,2.0,2.0,2.0,3.0,3.0,3.0,2.0,1.0,2.0,4.0,1.0,1.0,2.142857142857143,2.4285714285714284,2.2857142857142856,2.2857142857142856
True,4,GJR-GARCH,0.000115706935,0.0030609053,0.6408141,10.649275,0.0035869334473965816,0.00048362836241722107,4.686946776164952e-05,0.04422988873659051,0.05531665527028963,0.05071193438605406,0.7419753,0.617283950617284,0.002955793349467997,67.23544069581632,0.06706359052897415,11.414706689111725,0.30409910873966484,0.8040991087396648,1.8768738437882575,1.0,4.0,3.0,3.0,4.0,2.0,2.0,2.0,3.0,2.5,3.0,2.0,4.0,4.0,2.9285714285714284,2.7142857142857144,2.821428571428571,2.8214285714285716
True,4,GARCH,0.00011577044,0.0032267831,0.646019,10.679813,0.0037089760966159046,0.0005115168169140816,5.090847408513775e-05,0.044054468313552204,0.05527812166372314,0.050699495599837975,0.79285264,0.617283950617284,0.0032549517163629024,67.4623378625795,0.06746128681721908,11.426604751101362,0.31060656378919715,0.8106065637891972,1.9225345269238558,2.0,5.0,4.0,4.0,5.0,1.0,1.0,1.0,4.0,2.5,4.0,3.0,5.0,5.0,3.7857142857142856,2.857142857142857,3.321428571428571,3.3214285714285716
True,4,TimeGAN,0.0027181103,8.217525e-05,1.0990019,10.460756,0.004608170412108695,0.001703447662293911,2.5886324587820532e-05,0.12794308955562883,0.44353911306941884,0.41076206463971177,4.3014827,5.5555555555555545,6.743273658685542e-17,173.0210168473863,0.10478862958779311,13.216610440792529,0.2661923774240288,0.7661923774240288,1.6108947115261114,5.0,1.0,5.0,5.0,3.0,5.0,5.0,5.0,5.0,5.0,5.0,5.0,3.0,3.0,4.142857142857143,4.428571428571429,4.2857142857142865,4.285714285714286
True,4,CONTROL: shuffled real,5.820766e-11,0.0,5.9604645e-08,0.0,0.0,0.0,0.0,0.046350483982096194,0.07598293550428935,0.045030715017346665,0.0,0.0,0.9490790116835569,84.0725083076581,0.0805816226377506,0.7719062153596497,0.08538313370381029,0.4146168662961897,0.8559956303438748,,,,,,,,,,,,,,,,,,
True,5,CNN-WGAN-GP,2.3760367e-07,0.00030164886,0.04508567,10.964823,0.0016599946452852587,9.308476001024246e-05,5.361819215714984e-06,0.047014025208336536,0.04882244390202686,0.05404538609931478,2.5970984,1.8518518518518512,0.00019822182625967095,61.022333059784586,0.017126584758841767,11.79537380412446,0.08120013874436349,0.5812001387443635,0.31286469386132965,1.0,1.0,1.0,1.0,1.0,1.0,1.0,1.0,4.0,4.5,2.0,4.0,1.0,1.0,1.9285714285714286,1.5714285714285714,1.75,1.75
True,5,GARCH,0.0019145557,0.0038289195,0.17143926,9.241913,0.003961987749563404,0.0006658788770437241,6.295732225176546e-05,0.05311069834235241,0.08566792074823752,0.07345221755211241,0.68990016,0.2057613168724286,1.6930915140864806e-08,40.55784870908196,0.0549471368066069,11.271771799498637,0.3296457836719533,0.8296457836719533,2.056126504063674,5.0,2.0,2.0,3.0,2.0,3.0,2.0,2.0,1.0,1.5,4.0,3.0,3.0,3.0,2.357142857142857,2.857142857142857,2.607142857142857,2.607142857142857
True,5,GJR-GARCH,0.0018829054,0.0040097004,0.17035547,9.217537,0.004059363911675352,0.0006819590926170349,6.763082120011507e-05,0.053166277238779,0.08582260273629799,0.07360222967457958,0.72493076,0.2057613168724286,1.2411130811482822e-08,39.89444737673377,0.050812517353663655,11.224426990800843,0.3357033035426552,0.8357033035426552,2.0986301392479985,4.0,3.0,3.0,4.0,3.0,4.0,3.0,3.0,2.0,1.5,3.0,1.0,4.0,4.0,2.9285714285714284,3.142857142857143,3.0357142857142856,3.0357142857142856
True,5,QuantGAN,0.0009533762,0.0061673084,0.29490736,8.991628,0.004709958002907044,0.0005777645856142044,0.00013213125617629192,0.05151934796231217,0.13331116441870108,0.11014851912041194,2.1045089,1.8518518518518512,6.94477989491057e-17,1.466819187329719,0.008734970769368466,11.251713558618913,0.20586932937764302,0.705869329377643,1.1876276183761618,3.0,5.0,4.0,2.0,5.0,2.0,4.0,4.0,3.0,4.5,1.0,2.0,2.0,2.0,3.7857142857142856,2.4285714285714284,3.1071428571428568,3.107142857142857
True,5,TimeGAN,0.00072399137,0.00508877,0.38959506,13.148802,0.006384305146779593,0.001644497737288475,8.609682524707582e-05,0.0857649923839199,0.32792338874423876,0.25306956130662,7.22818,0.4115226337448554,6.743273658685542e-17,88.64931722919705,0.07464052769002805,13.458755307911412,0.402063945407537,0.902063945407537,2.564261052992853,2.0,4.0,5.0,5.0,4.0,5.0,5.0,5.0,5.0,3.0,5.0,5.0,5.0,5.0,4.0,5.0,4.5,4.5
True,5,CONTROL: shuffled real,5.820766e-11,0.0,5.9604645e-08,0.0,0.0,0.0,0.0,0.046350483982096194,0.07598293550428935,0.045030715017346665,0.0,0.0,0.9490790116835569,84.0725083076581,0.0805816226377506,0.7719062153596497,0.08538313370381029,0.4146168662961897,0.8559956303438748,,,,,,,,,,,,,,,,,,
True,6,GJR-GARCH,0.00078566937,0.0053495625,1.0033278,10.389479,0.0050168972981059715,0.0007838327437639236,0.00010350500333155504,0.05291399022200494,0.053324093564879146,0.04589597714249976,1.1126435,0.617283950617284,0.06694720106512267,74.91929953409516,0.051570427092911264,9.98426978988319,0.347565454621491,0.847565454621491,2.181862972605218,2.0,4.0,4.0,3.0,3.0,2.0,2.0,2.0,2.0,1.5,4.0,1.0,3.0,3.0,2.7857142857142856,2.4285714285714284,2.6071428571428568,2.607142857142857
True,6,CNN-WGAN-GP,0.00045129846,0.0036076764,0.21437043,12.111231,0.004399399553227499,0.0007032770663499832,6.155499466786045e-05,0.05775207861574017,0.06278493451187388,0.05875330902053975,1.9078455,1.0288065843621395,0.005459480014865255,68.68768699036292,0.03343368323228102,12.981903319721072,0.3128943697832488,0.8128943697832488,1.9385873131167661,1.0,2.0,3.0,2.0,2.0,3.0,3.0,3.0,4.0,3.0,2.0,5.0,2.0,2.0,2.4285714285714284,2.857142857142857,2.642857142857143,2.642857142857143
True,6,QuantGAN,0.0009292236,0.0041740127,0.15763327,9.174036,0.0031713824325506645,0.00026313401758670807,0.00011395988085291427,0.06512947519062436,0.19533043053233995,0.15845045815804043,0.996469,2.2633744855967075,1.7424427818620585e-11,25.98514913334312,0.024039064151400003,11.260932570245842,0.00037613498547361957,0.4996238650145264,0.25952933080867396,4.0,3.0,1.0,1.0,5.0,4.0,4.0,4.0,1.0,4.0,1.0,3.0,1.0,1.0,2.7142857142857144,2.5714285714285716,2.6428571428571432,2.642857142857143
True,6,GARCH,0.00078753004,0.005463521,0.99019885,10.4676895,0.005128145962631314,0.000818304717540741,0.00010506053235970405,0.0527953116982826,0.05276054347632453,0.0450818843964953,1.1257246,0.617283950617284,0.08722019594611029,75.62256598710275,0.05202557384701745,10.11376542458748,0.3529061286140569,0.8529061286140569,2.2193367347824315,3.0,5.0,5.0,4.0,4.0,1.0,1.0,1.0,3.0,1.5,5.0,2.0,4.0,4.0,3.642857142857143,2.5714285714285716,3.107142857142857,3.107142857142857
True,6,TimeGAN,0.0018666156,0.0005334215,1.1598297,11.308053,0.0038598374678479393,0.001201665960252285,1.623842737056117e-05,0.15450956087341183,0.3261362492688932,0.3233953748981003,3.9369674,4.732510288065844,6.743273658685542e-17,87.4609273975036,0.04587614694750175,11.578920678899967,0.4067711677404595,0.9067711677404595,2.597290092111277,5.0,1.0,2.0,5.0,1.0,5.0,5.0,5.0,5.0,5.0,3.0,4.0,5.0,5.0,3.4285714285714284,4.571428571428571,4.0,4.0
True,6,CONTROL: shuffled real,5.820766e-11,0.0,5.9604645e-08,0.0,0.0,0.0,0.0,0.046350483982096194,0.07598293550428935,0.045030715017346665,0.0,0.0,0.9490790116835569,84.0725083076581,0.0805816226377506,0.7719062153596497,0.08538313370381029,0.4146168662961897,0.8559956303438748,,,,,,,,,,,,,,,,,,
True,7,CNN-WGAN-GP,0.0008740862,0.0032647178,0.3919281,8.866384,0.0035601249154856526,0.0004784185439348221,3.8880189477755785e-05,0.05519942920873291,0.0811789989832323,0.07149543800973333,1.0556643,0.2057613168724277,0.007550819138400478,69.46384545781413,0.0018522358540647987,11.946741160413012,0.33046422781627705,0.830464227816277,2.0618692588662353,4.0,1.0,1.0,1.0,1.0,4.0,2.0,4.0,2.0,1.0,1.0,4.0,2.0,2.0,1.5714285714285714,2.7142857142857144,2.142857142857143,2.142857142857143
True,7,QuantGAN,0.00028497406,0.0074962573,0.051717132,8.73248,0.00626626829196898,0.001131368800997734,0.00016383646248938413,0.049019573954719814,0.11694473993266001,0.07172149951686152,1.0219822,0.617283950617284,0.34518816904797306,79.61003607044361,0.09943069142155414,10.24126992205353,0.22916534441320235,0.7291653444132024,1.3510881344710461,1.0,3.0,2.0,2.0,3.0,1.0,5.0,5.0,1.0,2.0,4.0,1.0,1.0,1.0,2.0,2.5714285714285716,2.2857142857142856,2.2857142857142856
True,7,GJR-GARCH,0.00073919207,0.027278867,0.5284107,10.1993,0.0204761041347051,0.006512992084026337,0.0020090700564637963,0.055149478926759914,0.08646239638561383,0.0588386327365879,1.2501202,1.0288065843621395,0.006629266271216737,69.15154881191859,0.04530571667810068,11.143793275839794,0.4267215740105239,0.9267215740105239,2.7372755660315824,3.0,5.0,5.0,5.0,5.0,2.0,3.0,2.0,4.0,3.5,2.0,2.0,3.0,3.0,4.357142857142857,2.4285714285714284,3.3928571428571423,3.392857142857143
True,7,GARCH,0.0007284162,0.027215987,0.5315969,10.230682,0.020450475066124373,0.006509818136692047,0.00200091881937756,0.05516919623580179,0.08651796717429533,0.05909290330135263,1.238626,1.0288065843621395,0.004963101084949654,68.46074224899218,0.047446326248157145,11.17520533181225,0.4275451841683825,0.9275451841683825,2.74305456906103,2.0,4.0,4.0,4.0,4.0,3.0,4.0,3.0,3.0,3.5,3.0,3.0,4.0,4.0,3.5,3.4285714285714284,3.4642857142857144,3.4642857142857144
True,7,TimeGAN,0.0046818005,0.007248176,1.3438658,9.529289,0.0066227038119369835,0.003320056479424238,0.0001258459695456977,0.0555787922743184,0.06629631642543245,0.0543168462178437,5.1289167,13.786008230452673,3.257578678924462e-06,51.912380357064514,0.18732008414482504,12.448682183130243,0.4998627316403569,0.9998627316403569,3.25048314061893,5.0,2.0,3.0,3.0,2.0,5.0,1.0,1.0,5.0,5.0,5.0,5.0,5.0,5.0,3.5714285714285716,3.857142857142857,3.7142857142857144,3.7142857142857144
True,7,CONTROL: shuffled real,5.820766e-11,0.0,5.9604645e-08,0.0,0.0,0.0,0.0,0.046350483982096194,0.07598293550428935,0.045030715017346665,0.0,0.0,0.9490790116835569,84.0725083076581,0.0805816226377506,0.7719062153596497,0.08538313370381029,0.4146168662961897,0.8559956303438748,,,,,,,,,,,,,,,,,,
True,8,CNN-WGAN-GP,0.00022998551,0.00019705389,0.2514174,11.561888,0.001602167445673834,0.00010286737233400345,6.5539095621736195e-06,0.04512687876311247,0.05740675006294623,0.05079506270121783,1.52826,0.8230452674897117,0.08596816618305804,75.58377482006205,0.08103858955025178,11.924654081598142,0.1322834025825148,0.6322834025825148,0.6712992440644292,2.0,1.0,2.0,2.0,1.0,1.0,1.0,1.0,4.0,2.5,5.0,5.0,2.0,2.0,2.0714285714285716,2.4285714285714284,2.25,2.25
True,8,GJR-GARCH,0.0003636432,0.0039463043,0.09626463,8.464651,0.003489046193236118,0.0003849528729915619,7.141490566776456e-05,0.05202651871382841,0.07419298637891188,0.05741337292012758,0.44633865,0.617283950617284,0.00013264078242414788,60.11726309913315,0.008622526608644931,10.554622433318606,0.13218106631439375,0.6321810663143937,0.6705811839508535,4.0,5.0,3.0,3.0,5.0,2.0,3.0,3.0,1.0,1.0,2.0,2.0,1.0,1.0,3.142857142857143,2.0,2.571428571428571,2.5714285714285716
True,8,GARCH,0.00035277297,0.003935026,0.0841175,8.603574,0.003512810035158603,0.00039402861148118973,6.9900552493779e-05,0.05214882131913327,0.07280143598793075,0.05723400993854739,0.4463575,0.8230452674897117,0.00017610342781271547,60.75538134695277,0.00853766520290955,10.575884665247758,0.1427435959882215,0.6427435959882215,0.7446949990868748,3.0,4.0,4.0,4.0,4.0,3.0,2.0,2.0,2.0,2.5,1.0,3.0,3.0,3.0,3.357142857142857,2.4285714285714284,2.892857142857143,2.892857142857143
True,8,QuantGAN,0.00019586552,0.00076623354,0.24974659,7.677397,0.0011178057621175064,3.665313124656677e-05,1.5010100333984385e-05,0.060845775120105826,0.08934290597913787,0.07243000678368844,0.5702281,1.0288065843621395,7.217609086556181e-15,9.719193486149308,0.009554173475738281,11.293627365257358,0.20006838817917705,0.29993161182082295,1.660704541134054,1.0,3.0,1.0,1.0,2.0,4.0,4.0,4.0,3.0,4.0,3.0,4.0,4.0,4.0,2.142857142857143,3.857142857142857,3.0,3.0
True,8,TimeGAN,0.0017999758,0.00070076156,1.139167,11.39859,0.004453183324276776,0.0014658467844128609,3.1458206740749055e-05,0.1656076270925405,0.40022095110500233,0.34710292357602157,4.032243,4.320987654320988,6.743273658685542e-17,117.62551840972931,0.07896513552698303,8.263093947329839,0.4199545882810213,0.9199545882810213,2.6897938410214124,5.0,2.0,5.0,5.0,3.0,5.0,5.0,5.0,5.0,5.0,4.0,1.0,5.0,5.0,4.285714285714286,4.285714285714286,4.285714285714286,4.285714285714286
True,8,CONTROL: shuffled real,5.820766e-11,0.0,5.9604645e-08,0.0,0.0,0.0,0.0,0.046350483982096194,0.07598293550428935,0.045030715017346665,0.0,0.0,0.9490790116835569,84.0725083076581,0.0805816226377506,0.7719062153596497,0.08538313370381029,0.4146168662961897,0.8559956303438748,,,,,,,,,,,,,,,,,,
True,9,GJR-GARCH,0.00051996496,0.0020998027,0.33071175,11.94194,0.0012474830954705518,6.462354212999344e-05,4.791212922874178e-06,0.06058481912492425,0.05806520649523009,0.056755107395583766,1.0717635,0.2057613168724277,0.7951448191092904,82.85264854014541,0.07758213219942622,12.249909431320168,0.026653185831346793,0.4733468141686532,0.4439067999235249,2.0,3.0,2.0,1.0,3.0,3.0,1.0,2.0,4.0,1.5,2.0,3.0,1.0,2.0,2.357142857142857,2.0,2.178571428571429,2.1785714285714284
True,9,QuantGAN,0.00087136123,0.00013293047,0.385017,7.8669214,0.0013839779121273185,9.432155638933182e-05,4.262257519470452e-06,0.05495064337053918,0.07486367498408071,0.0448533122765366,1.046092,1.6460905349794235,4.048383918260503e-11,27.7593501200474,0.09005922400860067,9.059555094867388,0.05380280096333856,0.5538028009633386,0.12062653783007941,4.0,1.0,3.0,3.0,1.0,1.0,3.0,1.0,3.0,5.0,4.0,1.0,3.0,1.0,2.857142857142857,2.0,2.428571428571429,2.4285714285714284
True,9,GARCH,0.00052106415,0.0020735422,0.33134037,11.940356,0.0012465385067816496,6.468687206506729e-05,4.70874892111822e-06,0.0606158599293849,0.058113039252348245,0.05706654962268658,1.045145,0.2057613168724277,0.7772931290156433,82.73326152543487,0.07845983399474399,12.252759869590209,0.02672083600859032,0.4732791639914097,0.44438147908514364,3.0,2.0,1.0,2.0,2.0,4.0,2.0,3.0,2.0,1.5,3.0,4.0,2.0,3.0,1.9285714285714286,3.0,2.4642857142857144,2.4642857142857144
True,9,CNN-WGAN-GP,0.0011989037,0.0032837056,0.0805594,10.29208,0.0034300869110984243,0.00041047483682632446,5.874154545418195e-05,0.05966206564902677,0.08810929076978936,0.07582019826513715,1.0430079,1.234567901234568,7.78974463299684e-13,19.46672723158356,0.0765771964769818,12.447713485727794,0.24547100513403342,0.7454710051340334,1.465499621269399,5.0,4.0,4.0,4.0,4.0,2.0,4.0,4.0,1.0,4.0,1.0,5.0,4.0,4.0,3.7142857142857144,3.4285714285714284,3.571428571428571,3.5714285714285716
True,9,TimeGAN,4.6042842e-05,0.004693334,0.4507196,13.046571,0.006277148810815202,0.0015706457197666168,8.086928069099048e-05,0.12772243790575885,0.4612633630284108,0.3625763251224998,7.3722916,0.8230452674897117,6.743273658685542e-17,86.89207526120326,0.09597943570524037,11.93744240365632,0.4534830001254603,0.9534830001254603,2.9250517379436207,1.0,5.0,5.0,5.0,5.0,5.0,5.0,5.0,5.0,3.0,5.0,2.0,5.0,5.0,4.142857142857143,4.571428571428571,4.357142857142858,4.357142857142857
True,9,CONTROL: shuffled real,5.820766e-11,0.0,5.9604645e-08,0.0,0.0,0.0,0.0,0.046350483982096194,0.07598293550428935,0.045030715017346665,0.0,0.0,0.9490790116835569,84.0725083076581,0.0805816226377506,0.7719062153596497,0.08538313370381029,0.4146168662961897,0.8559956303438748,,,,,,,,,,,,,,,,,,
True,10,CNN-WGAN-GP,0.00038120436,0.0016186945,0.43539837,12.412615,0.0012342016346360383,4.339590668678284e-05,4.378622248834238e-06,0.051668127719458425,0.059838764213491234,0.05951933473232202,3.0105247,0.8230452674897117,0.014226806530155092,71.00041195720596,0.049074783352612616,12.724774364998746,0.08194306069081903,0.581943060690819,0.31807753410892015,3.0,2.0,1.0,1.0,1.0,3.0,1.0,2.0,4.0,1.0,2.0,4.0,2.0,1.0,1.8571428571428572,2.142857142857143,2.0,2.0
True,10,GJR-GARCH,0.0002570501,0.0036919666,0.16033742,9.649439,0.0036848243052333045,0.0004999283701181412,5.508710878772569e-05,0.047692367613199164,0.08062703639501706,0.06296116197918308,1.5646815,1.4403292181069958,0.015282569518405143,71.17597900998291,0.07302550002945607,10.661213286704381,0.22881922150636036,0.7288192215063604,1.3486595032696027,1.0,3.0,3.0,3.0,3.0,2.0,3.0,3.0,3.0,2.5,3.0,1.0,3.0,3.0,2.642857142857143,2.5714285714285716,2.607142857142857,2.607142857142857
True,10,QuantGAN,0.00094970205,0.0012734504,0.20638081,8.169428,0.0017335911040854903,0.00011972431093454361,2.7875263148764294e-05,0.0590959473514522,0.11513572149211541,0.09787627416080795,1.2850306,1.8518518518518512,2.118025595176724e-08,41.036611200987785,0.008543578592258738,10.743898635004026,0.026365119076611987,0.473634880923388,0.4418855297480526,4.0,1.0,2.0,2.0,2.0,5.0,5.0,5.0,1.0,4.0,1.0,3.0,1.0,2.0,2.2857142857142856,3.142857142857143,2.7142857142857144,2.7142857142857144
True,10,GARCH,0.00026106485,0.0038496396,0.15864238,9.661927,0.0037967939029417705,0.0005250480026006699,5.878708265363891e-05,0.04765962061137543,0.08109394066268578,0.06307985542458482,1.5097327,1.4403292181069958,0.0162290167491406,71.32368176777133,0.07338399122379391,10.683327663022379,0.23498842566967526,0.7349884256696753,1.3919467905971088,2.0,4.0,4.0,4.0,4.0,1.0,4.0,4.0,2.0,2.5,4.0,2.0,4.0,4.0,3.2142857142857144,3.2857142857142856,3.25,3.25
True,10,TimeGAN,0.0056688995,0.010214944,0.2507901,13.512162,0.013425510863576524,0.007756467908620834,0.0001998738060729202,0.05517286978996708,0.05985680290032178,0.05397947653837036,5.303748,3.909465020576132,0.019161162175615334,71.73358365000252,0.09148610693017356,13.75480685213962,0.46037520018302447,0.9603752001830245,2.973412050929295,5.0,5.0,5.0,5.0,5.0,4.0,2.0,1.0,5.0,5.0,5.0,5.0,5.0,5.0,5.0,3.857142857142857,4.428571428571429,4.428571428571429
True,10,CONTROL: shuffled real,5.820766e-11,0.0,5.9604645e-08,0.0,0.0,0.0,0.0,0.046350483982096194,0.07598293550428935,0.045030715017346665,0.0,0.0,0.9490790116835569,84.0725083076581,0.0805816226377506,0.7719062153596497,0.08538313370381029,0.4146168662961897,0.8559956303438748,,,,,,,,,,,,,,,,,,
True,11,CNN-WGAN-GP,0.00017148664,0.0019787718,0.24794303,11.715504,0.0010787991890399778,3.605987876653671e-05,8.602322374640615e-06,0.05827753483565175,0.05511432620027335,0.05640364904073067,1.9680257,0.4115226337448554,0.19022973939581153,77.79271197505028,0.00555292620408343,12.300092871336583,0.11353495546158332,0.3864650445384167,1.0535277536067016,2.0,2.0,1.0,1.0,1.0,1.0,1.0,1.0,3.0,1.0,2.0,4.0,3.0,3.0,1.5714285714285714,2.142857142857143,1.8571428571428572,1.8571428571428572
True,11,QuantGAN,0.00015740149,0.010383024,0.17115566,10.796684,0.00792392159424603,0.0014648865908384323,0.00038803125199400666,0.06131400880156434,0.10087726963916793,0.08190106532187201,2.0197263,2.469135802469135,7.632933767873029e-10,33.96313809063737,0.0010935680779150525,10.9369707572197,0.26382683522630823,0.7638268352263082,1.5942964758238505,1.0,3.0,3.0,4.0,3.0,2.0,2.0,2.0,4.0,2.0,1.0,3.0,4.0,4.0,2.857142857142857,2.5714285714285716,2.7142857142857144,2.7142857142857144
True,11,GARCH,0.00089845783,0.020459604,0.35061178,4.126502,0.009959133737911055,0.0011077430099248886,0.0016051483323577956,0.06605556693379185,0.25819364842260256,0.1431640707293991,0.67609763,3.292181069958848,6.370116050870507e-17,5.9877245649526145,0.07107491831029966,2.665101533810885,0.020929734835905323,0.4790702651640947,0.4037472167445737,3.0,4.0,4.0,2.0,4.0,3.0,3.0,4.0,2.0,4.5,3.0,2.0,2.0,2.0,3.357142857142857,2.7142857142857144,3.0357142857142856,3.0357142857142856
True,11,GJR-GARCH,0.0009040074,0.020590335,0.35722557,4.0963373,0.010008279441597458,0.0011137351393699646,0.0016201824375072099,0.06615380101822665,0.25833341654622927,0.1429961577395443,0.6318753,3.292181069958848,6.455605389722621e-17,6.525359687575673,0.07159771694126416,2.663767096180619,0.020206984942300554,0.47979301505769945,0.3986759171924475,4.0,5.0,5.0,3.0,5.0,4.0,4.0,3.0,1.0,4.5,4.0,1.0,1.0,1.0,3.9285714285714284,2.5714285714285716,3.25,3.25
True,11,TimeGAN,0.0018189976,0.0014536893,0.9900588,10.968508,0.00466973360791277,0.0015231464058160782,3.992846747767151e-05,0.15518398007625364,0.46605126407230274,0.36830258477129973,2.3219652,3.0864197530864192,6.743273658685542e-17,126.50731065599119,0.1322520895254502,13.471868229900743,0.436641550000861,0.936641550000861,2.8068807921852508,5.0,1.0,2.0,5.0,2.0,5.0,5.0,5.0,5.0,3.0,5.0,5.0,5.0,5.0,3.2857142857142856,5.0,4.142857142857142,4.142857142857143
True,11,CONTROL: shuffled real,5.820766e-11,0.0,5.9604645e-08,0.0,0.0,0.0,0.0,0.046350483982096194,0.07598293550428935,0.045030715017346665,0.0,0.0,0.9490790116835569,84.0725083076581,0.0805816226377506,0.7719062153596497,0.08538313370381029,0.4146168662961897,0.8559956303438748,,,,,,,,,,,,,,,,,,
True,12,GJR-GARCH,0.0012005648,0.0054278905,1.2581164,1.62887,0.003283317594616104,0.0002873912453651428,8.859733587180203e-05,0.05684800185976201,0.13479090478504077,0.06023331828066148,0.12006998,0.0,1.9240011220212965e-08,40.831154314529144,0.03620764858729497,12.051661444395387,0.06421256423691823,0.5642125642369182,0.19366844111386355,4.0,3.0,2.0,2.0,3.0,2.0,3.0,1.0,1.0,1.5,3.0,3.0,1.0,1.0,2.357142857142857,2.0,2.178571428571429,2.1785714285714284
True,12,QuantGAN,0.00054243975,0.003350716,0.3499922,8.093063,0.0028577666952095664,0.0002760784700512886,7.02583750979823e-05,0.06251389551689499,0.09466528976568953,0.08569986958173104,0.24121189,0.2057613168724277,3.9540250178264876e-08,42.37310975983335,0.0127474706915498,11.483818098986479,0.1782690410648875,0.6782690410648875,0.9939654248600552,2.0,1.0,1.0,1.0,1.0,4.0,2.0,4.0,3.0,3.0,1.0,2.0,3.0,3.0,1.7142857142857142,2.7142857142857144,2.2142857142857144,2.2142857142857144
True,12,GARCH,0.0013378372,0.0076862993,1.3852837,3.0424194,0.004316784473484469,0.0004253927618265152,0.00016836676645674628,0.05790991359288455,0.15096983324969188,0.061440899908775465,0.14997578,0.0,1.2794854635902939e-08,39.95946628266491,0.03469821090285097,12.06406522191341,0.07985869722978678,0.5798586972297868,0.3034522376129493,5.0,5.0,3.0,3.0,5.0,3.0,4.0,2.0,2.0,1.5,2.0,4.0,2.0,2.0,3.5,2.7142857142857144,3.107142857142857,3.107142857142857
True,12,CNN-WGAN-GP,0.0004808682,0.0044286186,0.20440412,11.912376,0.004904599382064181,0.000830458477139473,8.195244658201393e-05,0.04608560080188909,0.06161637547658756,0.0737980938621331,2.2332587,1.4403292181069958,0.0003863172289475362,62.534673895078015,0.05164228412950955,12.541739734868171,0.33790500931112444,0.8379050093111244,2.1140787883261227,1.0,2.0,4.0,4.0,2.0,1.0,1.0,3.0,4.0,5.0,5.0,5.0,4.0,4.0,3.142857142857143,3.2857142857142856,3.2142857142857144,3.2142857142857144
True,12,TimeGAN,0.00073459797,0.0065485975,0.4697139,12.552774,0.0070787285319408345,0.001888839527964592,0.00011550847744356348,0.08959776002695435,0.2989699783571996,0.15548557448782957,3.7461963,0.4115226337448563,6.743043630910866e-17,21.22494756664028,0.049561763686371885,9.298521045847759,0.40628359446301743,0.9062835944630174,2.5938689499355396,3.0,4.0,5.0,5.0,4.0,5.0,5.0,5.0,5.0,4.0,4.0,1.0,5.0,5.0,4.285714285714286,4.285714285714286,4.285714285714286,4.285714285714286
True,12,CONTROL: shuffled real,5.820766e-11,0.0,5.9604645e-08,0.0,0.0,0.0,0.0,0.046350483982096194,0.07598293550428935,0.045030715017346665,0.0,0.0,0.9490790116835569,84.0725083076581,0.0805816226377506,0.7719062153596497,0.08538313370381029,0.4146168662961897,0.8559956303438748,,,,,,,,,,,,,,,,,,
True,13,QuantGAN,0.00048257515,0.0023419233,0.17258003,11.453378,0.0012222617570138347,4.988722503185272e-05,1.455419501321394e-05,0.04693409358660574,0.06442268525948748,0.05325246391934343,2.790874,0.8230452674897117,0.571780011053389,81.38186197175348,0.10951944178751494,11.720150223808373,0.09297274558859342,0.4070272544114066,0.9092494539593236,3.0,3.0,1.0,1.0,1.0,1.0,1.0,1.0,4.0,1.0,5.0,4.0,2.0,2.0,2.0,2.2857142857142856,2.142857142857143,2.142857142857143
True,13,GJR-GARCH,7.66312e-05,0.0028890977,1.783538,3.6700125,0.0019464439190643153,7.907580584287643e-05,5.128985235282931e-05,0.052925895640655654,0.1522235232242383,0.08572633316391148,0.46575093,1.234567901234568,4.621907618466968e-06,52.67764480152783,0.008812069712158088,6.9320904398465615,0.136867870593821,0.363132129406179,1.2172471856079237,2.0,4.0,2.0,3.0,4.0,2.0,3.0,3.0,1.0,2.0,1.0,1.0,3.0,3.0,2.5714285714285716,2.2857142857142856,2.428571428571429,2.4285714285714284
True,13,CNN-WGAN-GP,0.0012587795,0.0014537107,0.38639158,10.401833,0.0022284926261586283,0.00022494327276945114,3.293420305478563e-05,0.05540667977518751,0.07337032647104934,0.06511296532116831,1.2601404,1.4403292181069958,0.06714716862501285,74.92715658968342,0.0447694662831869,10.309692088043917,0.08732088078070765,0.5873208807807077,0.3558119382985132,5.0,2.0,4.0,4.0,3.0,4.0,2.0,2.0,3.0,3.5,3.0,3.0,1.0,1.0,3.5,2.2857142857142856,2.892857142857143,2.892857142857143
True,13,GARCH,7.469667e-05,0.0029200148,1.7839508,3.5430079,0.0019467463285509586,7.858593016862869e-05,5.2532721609463465e-05,0.05323843151665642,0.15325439553940667,0.08604335523792543,0.51444745,1.4403292181069958,3.253969154941344e-06,51.90995756691388,0.00883216185569291,6.97325741487265,0.13797979350705902,0.362020206492941,1.2250491849188867,1.0,5.0,3.0,2.0,5.0,3.0,4.0,4.0,2.0,3.5,2.0,2.0,4.0,4.0,3.0714285714285716,3.2857142857142856,3.178571428571429,3.1785714285714284
True,13,TimeGAN,0.0010695448,0.00051772036,1.188627,11.799587,0.0036897928069999225,0.0009812507778406143,1.7858939945609638e-05,0.19467629039907478,0.3917090448387899,0.37367660928168334,6.73827,3.909465020576131,6.743273658685542e-17,124.24996996002189,0.04942029561216554,13.204318598460794,0.38436173902775617,0.8843617390277562,2.4400504621926546,4.0,1.0,5.0,5.0,2.0,5.0,5.0,5.0,5.0,5.0,4.0,5.0,5.0,5.0,3.857142857142857,4.857142857142857,4.357142857142857,4.357142857142857
True,13,CONTROL: shuffled real,5.820766e-11,0.0,5.9604645e-08,0.0,0.0,0.0,0.0,0.046350483982096194,0.07598293550428935,0.045030715017346665,0.0,0.0,0.9490790116835569,84.0725083076581,0.0805816226377506,0.7719062153596497,0.08538313370381029,0.4146168662961897,0.8559956303438748,,,,,,,,,,,,,,,,,,
True,14,CNN-WGAN-GP,0.00056441553,0.0002615014,0.020780057,11.921474,0.002169650445326334,0.00017700530588626862,1.2389387555844768e-05,0.0516209877737856,0.060487223394593455,0.04980425471789204,1.7341385,0.4115226337448554,0.047548503278968646,74.02757355634024,0.03908293803111451,12.144572872159866,0.22220869218677364,0.7222086921867736,1.3022755817023033,5.0,1.0,2.0,2.0,1.0,1.0,1.0,1.0,4.0,2.0,1.0,5.0,2.0,2.0,2.4285714285714284,1.8571428571428572,2.142857142857143,2.142857142857143
True,14,GJR-GARCH,0.00018647907,0.00785396,0.44767854,1.003356,0.005165396800459438,0.0007024817168712616,0.00016676334056200744,0.06230850930689485,0.08972347922623157,0.06871287790127098,0.13357568,0.617283950617284,6.032561311059862e-17,4.656033260941783,0.054406826576839484,9.56789083762256,0.2889476830429295,0.7889476830429295,1.770561246540134,2.0,4.0,3.0,3.0,4.0,2.0,2.0,2.0,1.0,4.0,3.0,1.0,4.0,4.0,3.0,2.5714285714285716,2.7857142857142856,2.7857142857142856
True,14,QuantGAN,0.0005364504,0.0019448046,0.19047597,7.8859777,0.001876143509822147,0.00011725537478923798,3.0618134934744887e-05,0.06313095505101955,0.10263134509557859,0.0938240910496097,0.9687128,2.2633744855967075,1.0098793604357574e-16,1.8965996316369456,0.07330942707653132,12.02457414648325,0.07493105831937275,0.42506894168062725,0.782656836820823,4.0,2.0,1.0,1.0,2.0,4.0,4.0,4.0,3.0,5.0,5.0,4.0,1.0,1.0,2.5714285714285716,3.2857142857142856,2.928571428571429,2.9285714285714284
True,14,GARCH,0.00019491639,0.007992144,0.4224935,0.85838413,0.005211953689307916,0.0007059071213006973,0.00017635707824326777,0.06256689480869682,0.09235265235183761,0.06986213588737883,0.18480659,0.4115226337448563,6.444858937784556e-17,6.449581998600152,0.054529739929689125,9.572437606907936,0.2876576556630578,0.7876576556630578,1.7615095464545834,3.0,5.0,4.0,4.0,5.0,3.0,3.0,3.0,2.0,3.0,4.0,2.0,3.0,3.0,3.7142857142857144,3.0,3.357142857142857,3.357142857142857
True,14,TimeGAN,9.171461e-05,0.0043380847,0.11298585,11.356345,0.005522189873692263,0.0014466382563114166,5.913623363991128e-05,0.1112345930399897,0.35775198187911883,0.17793227512040174,2.7604184,0.0,6.742588976547526e-17,18.98071841442406,0.041212403540499154,11.213083719079759,0.3968440577314313,0.8968440577314313,2.5276348088823832,1.0,3.0,5.0,5.0,3.0,5.0,5.0,5.0,5.0,1.0,2.0,3.0,5.0,5.0,3.2857142857142856,4.285714285714286,3.7857142857142856,3.7857142857142856
True,14,CONTROL: shuffled real,5.820766e-11,0.0,5.9604645e-08,0.0,0.0,0.0,0.0,0.046350483982096194,0.07598293550428935,0.045030715017346665,0.0,0.0,0.9490790116835569,84.0725083076581,0.0805816226377506,0.7719062153596497,0.08538313370381029,0.4146168662961897,0.8559956303438748,,,,,,,,,,,,,,,,,,
True,15,GJR-GARCH,8.9924026e-05,0.0014068941,0.79381484,11.796324,0.0013554780266756034,6.56377524137497e-05,5.52058670985406e-06,0.05570398580064648,0.09241349739255383,0.08390057125943713,2.2204614,1.8518518518518512,4.000565789844568e-06,52.36163074767609,0.026138724045499884,12.10191617346726,0.042429453165167275,0.4575705468348327,0.5546037065189598,2.0,2.0,1.0,1.0,2.0,3.0,3.0,3.0,3.0,2.5,2.0,2.0,2.0,2.0,1.9285714285714286,2.4285714285714284,2.1785714285714284,2.1785714285714284
True,15,GARCH,8.7036286e-05,0.0013201348,0.79066706,11.790311,0.0013710779108794366,6.785057485103607e-05,5.442091390197799e-06,0.05573195403689169,0.09455922408727929,0.08552090720157139,2.198832,1.8518518518518512,2.261101552922818e-06,51.115257079604106,0.026293705394277667,12.114493086195488,0.0323687648061638,0.4676312351938362,0.4840111477091257,1.0,1.0,2.0,2.0,1.0,4.0,4.0,4.0,2.0,2.5,3.0,3.0,1.0,1.0,1.6428571428571428,2.857142857142857,2.25,2.25
True,15,CNN-WGAN-GP,0.0012078455,0.0014697704,0.25827593,12.216536,0.003093968049717377,0.00043389108031988144,2.4671744458438893e-05,0.045856225532625104,0.060649093520187304,0.05818769807112403,2.4749627,1.4403292181069958,0.0014605421899421898,65.58918746965917,0.025106196175908257,12.380698866535344,0.25692651714747494,0.7569265171474749,1.5458792013387823,3.0,3.0,3.0,3.0,3.0,1.0,1.0,1.0,4.0,1.0,1.0,4.0,4.0,4.0,2.857142857142857,2.2857142857142856,2.571428571428571,2.5714285714285716
True,15,QuantGAN,0.0020166112,0.005300707,0.027128011,10.60137,0.004734378099590747,0.000667201355099678,0.00013084518232909465,0.051107931537699186,0.14461081501329318,0.13555861267843283,1.9790316,2.2633744855967075,5.370765653242156e-14,13.88275185246296,0.0804022763763399,10.628405021764836,0.1939956162685147,0.6939956162685147,1.1043136580349566,4.0,4.0,4.0,4.0,4.0,2.0,5.0,5.0,1.0,4.0,4.0,1.0,3.0,3.0,3.5714285714285716,3.2857142857142856,3.428571428571429,3.4285714285714284
True,15,TimeGAN,0.004827977,0.007483784,1.3134453,8.900313,0.006801829961070191,0.0035478456411510706,0.0001517061971113709,0.06061288875775062,0.07528101443080232,0.05945002794614993,6.360708,16.049382716049383,1.064669032607146e-07,44.49970490107335,0.17435147790237704,13.535297942743172,0.49967970716083276,0.9996797071608328,3.249198917723497,5.0,5.0,5.0,5.0,5.0,5.0,2.0,2.0,5.0,5.0,5.0,5.0,5.0,5.0,5.0,4.142857142857143,4.571428571428571,4.571428571428571
True,15,CONTROL: shuffled real,5.820766e-11,0.0,5.9604645e-08,0.0,0.0,0.0,0.0,0.046350483982096194,0.07598293550428935,0.045030715017346665,0.0,0.0,0.9490790116835569,84.0725083076581,0.0805816226377506,0.7719062153596497,0.08538313370381029,0.4146168662961897,0.8559956303438748,,,,,,,,,,,,,,,,,,
True,16,CNN-WGAN-GP,0.00032133696,0.0002220124,0.001085341,10.906443,0.0014331153476797296,8.324254304170609e-05,5.8826401534275395e-06,0.04571004678276949,0.05297701352043077,0.04383130532529322,1.583127,1.0288065843621395,0.003155370401716822,67.3891628551021,0.04473328178350644,11.85818495671398,0.11217949191026888,0.6121794919102689,0.5302366799737604,1.0,1.0,1.0,1.0,1.0,1.0,1.0,1.0,4.0,3.0,4.0,4.0,2.0,2.0,1.7142857142857142,2.142857142857143,1.9285714285714284,1.9285714285714286
True,16,QuantGAN,0.000950557,0.0034329789,0.08684409,8.591856,0.0026315566215837903,0.0001960471272468567,9.147186208679245e-05,0.05123312066527433,0.18070598539197819,0.14843914165743627,0.8944094,2.2633744855967075,1.6857447304369884e-16,2.596080925647584,0.03536126843377596,10.316447528677696,0.026881720430107503,0.5268817204301075,0.06826987690337866,2.0,2.0,2.0,2.0,2.0,2.0,5.0,5.0,3.0,4.0,3.0,3.0,1.0,1.0,2.4285714285714284,2.857142857142857,2.642857142857143,2.642857142857143
True,16,GJR-GARCH,0.0015475072,0.025851607,2.2824116,7.848015,0.014137100376967603,0.0026169270277023315,0.0014605481215656687,0.05244096853522933,0.17228028144920246,0.06091102593927644,0.3675158,0.617283950617284,0.01571949517489644,71.24523174920577,0.01817406324962101,8.136003076634386,0.3532315874667592,0.8532315874667592,2.2216203730763273,3.0,4.0,4.0,3.0,4.0,3.0,3.0,2.0,1.0,1.5,2.0,2.0,3.0,3.0,2.9285714285714284,2.5714285714285716,2.75,2.75
True,16,GARCH,0.0016136763,0.027635869,2.2730663,7.7971973,0.015155293343367609,0.002909548580646515,0.0016449658881634165,0.052497560621559386,0.1729074215539731,0.061102474386570974,0.4138589,0.617283950617284,0.015864544340894807,71.26781169229483,0.01811467851763693,8.111236098138725,0.3616718695802984,0.8616718695802984,2.2808430713858714,4.0,5.0,5.0,4.0,5.0,4.0,4.0,3.0,2.0,1.5,1.0,1.0,4.0,4.0,3.7857142857142856,3.0,3.392857142857143,3.392857142857143
True,16,TimeGAN,0.0051700287,0.0075978,0.2985698,13.281261,0.006947523651757335,0.0037501619663089514,0.0001548378590400576,0.06864280452704406,0.07390333160408773,0.06898858020402258,9.684774,19.958847736625515,8.998706614871534e-11,29.44298454836796,0.09929282171261411,13.533827667778993,0.5,1.0,3.2514463077905047,5.0,3.0,3.0,5.0,3.0,5.0,2.0,4.0,5.0,5.0,5.0,5.0,5.0,5.0,4.142857142857143,4.428571428571429,4.2857142857142865,4.285714285714286
True,16,CONTROL: shuffled real,5.820766e-11,0.0,5.9604645e-08,0.0,0.0,0.0,0.0,0.046350483982096194,0.07598293550428935,0.045030715017346665,0.0,0.0,0.9490790116835569,84.0725083076581,0.0805816226377506,0.7719062153596497,0.08538313370381029,0.4146168662961897,0.8559956303438748,,,,,,,,,,,,,,,,,,
True,17,GJR-GARCH,0.0008629941,0.0008751042,0.23090842,11.14402,0.0013400205631894104,8.804444223642349e-05,2.76574406981084e-06,0.05347321020657546,0.09509654674911872,0.0866557848418597,1.7657456,1.8518518518518512,0.0017523295602774826,66.01248426455521,0.08342441456771454,11.862098621793058,0.033279705192827636,0.46672029480717236,0.4904029183835718,1.0,2.0,1.0,1.0,2.0,3.0,3.0,3.0,3.0,3.5,4.0,2.0,2.0,2.0,1.9285714285714286,2.7142857142857144,2.3214285714285716,2.3214285714285716
True,17,GARCH,0.0008644038,0.00082251057,0.2255637,11.139105,0.001348211024802413,8.874945342540741e-05,2.742632988142015e-06,0.05347126368185855,0.09771378848934546,0.08930829631746746,1.6299591,1.8518518518518512,0.001419910687444406,65.52373651223807,0.08472176916696539,11.873988566077665,0.030779354641909173,0.4692206453580908,0.47285877657015857,2.0,1.0,2.0,2.0,1.0,2.0,4.0,4.0,2.0,3.5,5.0,3.0,1.0,1.0,1.9285714285714286,2.857142857142857,2.392857142857143,2.392857142857143
True,17,CNN-WGAN-GP,0.0018843366,0.0043921405,0.022759616,11.429126,0.004696768238170489,0.0008173231035470963,8.557606833845663e-05,0.05694804151702556,0.07513303151587024,0.07795191000797785,1.0752728,0.617283950617284,0.044493009158366036,73.85652185343739,0.03399212831908549,12.031915195330598,0.31979763986981646,0.8197976398698165,1.987025300874342,3.0,4.0,3.0,3.0,4.0,4.0,2.0,2.0,1.0,1.0,3.0,4.0,3.0,3.0,2.7142857142857144,3.0,2.857142857142857,2.857142857142857
True,17,QuantGAN,0.0023972811,0.009455957,0.6028544,8.833599,0.007891720259106672,0.0019054412841796875,0.000312971898121138,0.04641551780616283,0.05176520014647394,0.04618584058596752,2.0565486,1.6460905349794235,1.2791543076377937e-05,54.914000424020955,0.005948609374554881,10.395743302156635,0.34558588743502516,0.8455858874350252,2.167972997283246,5.0,5.0,5.0,5.0,5.0,1.0,1.0,1.0,4.0,2.0,1.0,1.0,4.0,4.0,4.428571428571429,1.8571428571428572,3.1428571428571432,3.142857142857143
True,17,TimeGAN,0.0022226048,0.0014141612,1.0276461,11.540997,0.004948590555503509,0.0016405507922172546,3.9327768773930906e-05,0.13677554786889232,0.4490924933203496,0.411903972212458,3.488697,4.320987654320988,6.743273658685542e-17,154.50821340632456,0.033834452541187776,12.790229071936915,0.43798397551801593,0.9379839755180159,2.816300152857801,4.0,3.0,4.0,4.0,3.0,5.0,5.0,5.0,5.0,5.0,2.0,5.0,5.0,5.0,4.0,4.571428571428571,4.285714285714286,4.285714285714286
True,17,CONTROL: shuffled real,5.820766e-11,0.0,5.9604645e-08,0.0,0.0,0.0,0.0,0.046350483982096194,0.07598293550428935,0.045030715017346665,0.0,0.0,0.9490790116835569,84.0725083076581,0.0805816226377506,0.7719062153596497,0.08538313370381029,0.4146168662961897,0.8559956303438748,,,,,,,,,,,,,,,,,,
True,18,CNN-WGAN-GP,0.0016973268,0.0018098624,0.07503036,11.70039,0.0032022469885185567,0.00044549349695444107,2.4411348496701935e-05,0.04886612543152296,0.055260545255150645,0.04739797119400464,2.0809474,1.4403292181069958,0.00826998984066956,69.68277576456741,0.020914949231169988,12.660608191284593,0.24273498596566323,0.7427349859656632,1.446301869867512,2.0,1.0,1.0,1.0,1.0,1.0,1.0,1.0,4.0,2.5,2.0,4.0,1.0,1.0,1.7857142857142858,1.5714285714285714,1.6785714285714286,1.6785714285714286
True,18,QuantGAN,0.00023511448,0.006141153,0.48257688,9.427217,0.004863248330151123,0.0006958507001399994,0.00015857402333090324,0.06765317872384913,0.06978605418698862,0.06255212551564909,1.5826232,2.469135802469135,8.755428239317386e-10,34.253954162158266,0.008814190875993777,10.990317992246112,0.28011724390717907,0.7801172439071791,1.7086009440475847,1.0,2.0,2.0,2.0,3.0,5.0,2.0,3.0,3.0,4.0,1.0,3.0,2.0,2.0,2.4285714285714284,2.5714285714285716,2.5,2.5
True,18,GJR-GARCH,0.0028376179,0.043270867,1.0862584,6.7645264,0.02797395650913816,0.00815477967262268,0.005292066540964494,0.05200836023090233,0.10219264269107953,0.0670350221238914,0.66844916,1.4403292181069958,0.002009145600233639,66.33122966572603,0.04023118791237257,8.422096386299017,0.49448466554982373,0.9944846655498237,3.2127470103232945,3.0,4.0,4.0,4.0,4.0,2.0,4.0,4.0,1.0,2.5,3.0,1.0,3.0,3.0,3.2142857142857144,2.857142857142857,3.0357142857142856,3.0357142857142856
True,18,GARCH,0.0032646863,0.051976178,1.0726866,6.784131,0.033605551554237445,0.010401405394077301,0.007589631882917437,0.05216842741312575,0.10314092520857229,0.06778418258298188,0.7475021,1.234567901234568,0.0019004440692837311,66.201499747087,0.04076067019417462,8.485836150449579,0.49528711965225347,0.9952871196522535,3.218377568233109,4.0,5.0,5.0,5.0,5.0,3.0,5.0,5.0,2.0,1.0,4.0,2.0,4.0,4.0,3.857142857142857,3.857142857142857,3.857142857142857,3.857142857142857
True,18,TimeGAN,0.004503199,0.0074361153,0.89920366,11.734693,0.006512634139479489,0.0031538475304841995,0.00013152476920293157,0.06242152145350701,0.07218248787336051,0.06063017686828971,7.57574,14.403292181069958,2.7641517503215973e-07,46.555614107559656,0.16372660524694038,12.722525089025963,0.4999075037576599,0.9999075037576599,3.2507972919186194,5.0,3.0,3.0,3.0,2.0,4.0,3.0,2.0,5.0,5.0,5.0,5.0,5.0,5.0,3.7142857142857144,4.142857142857143,3.928571428571429,3.9285714285714284
True,18,CONTROL: shuffled real,5.820766e-11,0.0,5.9604645e-08,0.0,0.0,0.0,0.0,0.046350483982096194,0.07598293550428935,0.045030715017346665,0.0,0.0,0.9490790116835569,84.0725083076581,0.0805816226377506,0.7719062153596497,0.08538313370381029,0.4146168662961897,0.8559956303438748,,,,,,,,,,,,,,,,,,
True,19,CNN-WGAN-GP,0.0013338493,0.0012881365,0.60731494,7.208458,0.0015284240007849622,0.00013582967221736908,9.645573011027484e-06,0.05334382328452193,0.04823824401712045,0.034412761594867336,1.3945091,0.4115226337448554,8.59264374921884e-05,59.143345362607924,0.08265706451230048,9.570139877679482,0.12264386732693233,0.6226438673269323,0.6036617787989235,4.0,1.0,1.0,1.0,1.0,4.0,1.0,1.0,3.0,2.0,5.0,3.0,1.0,1.0,1.8571428571428572,2.2857142857142856,2.071428571428571,2.0714285714285716
True,19,GJR-GARCH,0.00058793504,0.0073559107,1.3795326,6.198593,0.005749669148027716,0.0009481329470872879,0.00016360015901823997,0.053309188271086896,0.06277209754101933,0.05522657599114609,0.44935274,0.4115226337448554,0.02879689253574582,72.750234407676,0.051154482236569154,5.967610687292488,0.37495590438446946,0.8749559043844695,2.3740527976672863,2.0,3.0,2.0,2.0,3.0,3.0,3.0,3.0,1.0,2.0,3.0,1.0,2.0,2.0,2.142857142857143,2.4285714285714284,2.2857142857142856,2.2857142857142856
True,19,GARCH,0.00058889505,0.007644224,1.3639311,6.2692413,0.005926377787341808,0.0009933523833751678,0.0001776397454132447,0.05329145647599944,0.06356386316707358,0.05557494079228491,0.48724818,0.4115226337448554,0.025366998652049617,72.43192722190904,0.05011126753901629,5.972066647074971,0.3774353448806036,0.8774353448806036,2.3914502204671084,3.0,4.0,3.0,3.0,4.0,2.0,4.0,4.0,2.0,2.0,2.0,2.0,3.0,3.0,3.0,2.857142857142857,2.928571428571429,2.9285714285714284
True,19,QuantGAN,0.00041260995,0.010412904,0.31144896,10.240625,0.008773193639772666,0.002015797421336174,0.00028603254486329915,0.04843153873647679,0.05436522632604465,0.04355257038434502,2.9210072,1.4403292181069958,0.24711490737945543,78.56717692614511,0.022401244103576357,9.992558598451748,0.4493841373864399,0.9493841373864399,2.896291359067677,1.0,5.0,5.0,4.0,5.0,1.0,2.0,2.0,4.0,4.0,1.0,4.0,5.0,5.0,4.0,2.857142857142857,3.428571428571429,3.4285714285714284
True,19,TimeGAN,0.0024608488,0.0068879398,0.05709088,13.463905,0.008423879084707759,0.003032492473721504,0.00011943051885122357,0.06815858681933605,0.23224989112699404,0.1677237689087633,8.876573,2.880658436213992,5.2270780802221193e-17,3.089059213003054,0.08052333235946885,12.336661526047429,0.4139147804567248,0.9139147804567248,2.647414485472129,5.0,2.0,4.0,5.0,2.0,5.0,5.0,5.0,5.0,5.0,4.0,5.0,4.0,4.0,4.0,4.571428571428571,4.285714285714286,4.285714285714286
True,19,CONTROL: shuffled real,5.820766e-11,0.0,5.9604645e-08,0.0,0.0,0.0,0.0,0.046350483982096194,0.07598293550428935,0.045030715017346665,0.0,0.0,0.9490790116835569,84.0725083076581,0.0805816226377506,0.7719062153596497,0.08538313370381029,0.4146168662961897,0.8559956303438748,,,,,,,,,,,,,,,,,,
